0,#060504,1088,1002,1199,1255,4678
1,#0293E8,1,757,240,886,4913
2,#060504,243,1184,1014,1255,3568
3,#0686E4,1,962,149,1143,2770
4,#048BE7,1,842,182,992,2047
5,#DE0321,1,112,207,322,8176
6,#FCBC03,466,1,542,178,4546
7,#0161C4,143,1128,284,1255,5355
8,#F51524,1,286,147,372,960
9,#0190EB,0,1163,143,1255,856
10,#DE0519,346,1,455,179,2902
11,#67AE23,1134,1,1256,109,1261
12,#0273DA,1152,397,1255,477,2043
13,#73AF0D,589,1,701,81,3682
14,#E40323,1,41,104,143,2555
15,#0273DA,1158,288,1255,371,3267
16,#016FD7,1161,522,1255,592,1323
17,#581AA7,1170,1163,1255,1255,1603
18,#91C013,1012,1,1106,84,777
19,#026CD5,1139,115,1255,253,2907
20,#5318A7,834,1203,1001,1255,2838
21,#581AA7,1179,1110,1255,1216,1528
22,#7320CE,1098,942,1255,1045,3576
23,#F81921,1,243,199,386,2342
24,#DE0321,1,195,144,312,1978
25,#C5031A,1,9,187,195,2950
26,#6CA90C,534,1,580,101,1409
27,#571AAB,1181,1006,1255,1131,5053
28,#037CDE,1,1087,135,1197,1704
29,#88C019,1070,1,1186,109,857
30,#0159B9,1099,178,1255,300,1467
31,#FDB402,443,1,530,102,2383
32,#E40323,150,1,239,85,3420
33,#FC3C15,1,264,161,368,1587
34,#016FC7,1,1131,156,1245,2002
35,#73AF0D,716,1,795,79,2590
36,#0B0E12,1121,574,1255,708,3195
37,#95C00B,767,1,832,110,2539
38,#F92A1F,1,532,57,610,1071
39,#037ADE,1171,702,1255,818,2475
40,#F91F22,1,471,78,524,938
41,#F8D403,754,1,860,218,1651
42,#FD9B02,389,1,455,124,2404
43,#016AD1,1167,246,1255,332,3195
44,#6F20D0,1210,872,1255,964,1107
45,#E60321,227,1,307,95,1728
46,#FC7502,415,1,469,118,1757
47,#0372D4,1177,36,1255,115,872
48,#DC021C,304,1,373,88,1139
49,#018AE8,96,1185,178,1255,1175
50,#0172CB,1,827,192,903,1579
51,#8CBF10,845,1,927,49,675
52,#E40323,71,1,172,80,2952
53,#BE0219,1,171,125,276,2689
54,#DE0321,1,369,41,479,810
55,#F90E1B,1,1,111,88,1218
56,#C5031A,1,226,130,317,622
57,#02B1FB,1,949,105,1015,486
58,#88C019,1034,1,1141,112,1265
59,#6F20D0,691,1217,755,1255,819
60,#571AAD,1180,942,1255,1016,2712
61,#0265C1,1,1100,80,1171,570
62,#67AE23,1096,1,1212,111,784
63,#5318A7,997,1169,1052,1255,2650
64,#EFD504,574,1,596,133,1227
65,#FBB005,1,731,75,784,1857
66,#67A310,693,1,743,84,1403
67,#7320CE,1188,1079,1255,1160,2128
68,#FC8F03,1,707,62,749,941
69,#0265C1,73,1173,171,1255,1023
70,#CA031C,124,1,211,95,1536
71,#6A1FCD,611,1222,683,1255,1467
72,#E60321,276,1,339,76,1205
73,#6F20D0,764,1210,826,1255,1683
74,#88C019,1097,1,1216,140,2133
75,#EACE0F,1156,17,1255,116,585
76,#441390,1176,1149,1255,1238,703
77,#EF0320,26,1,104,72,1022
78,#599716,1058,1,1155,104,923
79,#F9451C,1,606,51,655,808
80,#F71E15,213,1,297,119,1350
81,#0499F2,1166,688,1255,710,963
82,#FD5E13,1,656,54,692,740
83,#018AE8,1,1152,70,1216,778
84,#9DC308,673,1,714,100,944
85,#571AAB,547,1228,613,1255,819
86,#5E16AB,760,1207,839,1255,1899
87,#4F179F,1064,1230,1149,1255,1153
88,#FA6E0D,1,680,59,714,676
89,#571AAD,1019,1175,1087,1255,1603
90,#491595,485,1235,552,1255,387
91,#CA031C,258,1,308,76,1532
92,#66AD15,960,1,1016,30,550
93,#0372D4,59,1180,140,1255,733
94,#026CD5,1201,205,1255,255,603
95,#EFD504,1057,1,1121,69,501
96,#5A9E11,915,1,971,25,480
97,#026CD5,1209,469,1255,518,603
98,#01A2F4,1194,506,1255,534,459
99,#7320CE,824,1206,864,1255,891
100,#3EA0F6,1208,222,1255,262,531
101,#CA031C,338,1,379,68,1204
102,#C5031D,1,350,49,383,546
103,#BE0219,1,98,65,162,1269
104,#0273DA,1192,653,1255,692,387
105,#0159B9,1212,78,1255,130,1385
106,#F85718,1,644,54,668,680
107,#F20324,137,1,187,55,1075
108,#5A9E11,998,1,1037,37,431
109,#CA031C,49,1,104,50,1024
110,#2197F3,1193,454,1255,477,531
111,#0265C1,1226,810,1255,838,531
112,#5E16AB,680,1222,696,1255,315
113,#0161C4,1227,376,1255,405,387
114,#441390,1157,1235,1208,1255,703
115,#0982DE,1220,356,1255,380,603
116,#FC3C15,1,516,45,535,546
117,#F20324,1,33,50,78,519
118,#491595,979,1233,1015,1255,614
119,#0499F2,1237,832,1255,874,459
120,#7DBA10,787,1,812,32,675
121,#8CBC0C,816,1,839,24,282
122,#CD1560,435,1244,476,1255,315
123,#016AD1,1230,90,1255,117,383
124,#681EC5,1235,1081,1255,1107,853
125,#95C00B,636,1,663,22,665
126,#491595,275,1237,295,1255,387
127,#028F8E,1207,12,1255,63,440
128,#571AAD,774,1238,797,1255,675
129,#F60823,188,1,209,21,541
130,#7D0F8E,472,1242,491,1255,315
131,#7D0F8E,392,1249,437,1255,315
132,#983A73,753,1241,769,1255,315
133,#95C00B,600,1,615,17,344
134,#6A1FCD,894,1246,917,1255,315
135,#0372D4,1243,592,1255,615,243
136,#0161C4,1237,588,1255,597,315
137,#0190EB,1247,748,1255,759,243
138,#6A1FCD,933,1248,946,1255,243
139,#F20324,165,1,176,10,277
140,#681EC5,1250,1067,1255,1078,253
141,#6A1FCD,1025,1250,1037,1255,253
142,#681EC5,960,1249,975,1255,315
143,#0274DD,165,1250,176,1255,243
144,#681EC5,1250,1107,1255,1118,253
145,#6A1FCD,872,1250,882,1255,243
146,#6A1FCD,973,1248,980,1255,243
147,#F20324,68,1,73,6,203
148,#04122E,295,1250,301,1255,243
149,#EFC209,1,781,4,785,213
150,#581AA7,1195,1252,1197,1255,178
151,#EBE7ED,1047,998,1203,1234,7151
152,#EBE7ED,1119,1171,1147,1232,1303
153,#C5C4C3,1141,1144,1172,1153,403
154,#C29BE1,1172,1209,1181,1226,328
155,#E0E0E0,1137,1059,1153,1067,253
156,#985DC5,1177,1224,1185,1234,328
157,#7F8693,1150,1117,1164,1131,478
158,#C29BE1,1141,1227,1149,1233,328
159,#C5C4C3,1137,1119,1150,1125,328
160,#929292,1135,1141,1141,1145,328
161,#985DC5,1136,1231,1139,1234,328
162,#929292,1142,1077,1146,1079,253
163,#7F8693,1135,1057,1138,1060,253
164,#929292,1134,1140,1136,1141,328
165,#575554,1133,1139,1135,1140,253
166,#575554,1131,1138,1132,1139,178
167,#060504,110,710,284,900,2234
168,#0686E4,185,795,231,870,1475
169,#EFD504,105,798,156,845,1475
170,#EFC209,94,745,168,769,505
171,#0B0E12,202,789,238,874,992
172,#01A2F4,162,779,191,798,647
173,#0C0E09,107,807,148,845,785
174,#0C0E09,135,801,159,850,578
175,#E70618,47,817,75,852,685
176,#EEDB0D,179,790,205,815,647
177,#0D1114,47,825,76,855,619
178,#04122E,76,776,103,805,1221
179,#0282E2,228,799,249,815,302
180,#0B0E12,73,783,98,810,751
181,#EFC209,17,770,59,782,487
182,#EFC209,70,763,86,773,289
183,#0C509F,85,779,99,796,751
184,#FBB005,82,762,97,771,421
185,#04122E,72,796,77,802,289
186,#1C1263,199,787,203,790,233
187,#EFC209,63,773,65,774,157
188,#EFC209,88,769,90,770,157
189,#04122E,94,795,98,797,289
190,#0C0E09,135,837,135,839,164
191,#EFC209,7,783,9,783,150
192,#0C0E09,106,835,107,836,164
193,#EFC209,14,782,15,782,157
194,#1C1263,197,786,197,786,164
195,#1C1263,197,786,198,787,233
196,#EFC209,247,1102,1052,1248,7185
197,#4F179F,551,1213,750,1238,1827
198,#6A1FCD,853,1208,880,1226,675
199,#983A73,749,1212,765,1235,603
200,#6A1FCD,1012,1228,1026,1245,403
201,#681EC5,893,1216,910,1226,243
202,#E8EDF1,47,823,232,1158,10570
203,#0D1114,54,983,105,1034,1527
204,#037ADE,175,861,194,877,371
205,#5394C7,44,912,48,917,223
206,#F00D15,171,297,288,389,5753
207,#D8031F,91,136,209,270,5118
208,#E70618,126,306,185,345,1268
209,#BE0219,70,165,134,221,1648
210,#1B0C03,48,121,108,181,1814
211,#1B0C03,121,206,176,274,716
212,#F50722,177,276,217,306,923
213,#F50722,67,179,111,217,1557
214,#16D241,113,271,147,307,647
215,#1B0C03,180,248,209,290,854
216,#1B0C03,162,308,215,370,992
217,#F4061B,155,288,187,309,992
218,#FD5E13,204,296,219,311,440
219,#BE0219,127,268,149,286,647
220,#F50722,107,215,124,229,440
221,#F50722,38,150,51,164,355
222,#F50722,71,214,85,225,421
223,#F50722,89,231,103,242,292
224,#F60823,38,180,50,191,355
225,#F60823,54,200,65,210,421
226,#F60823,139,265,151,277,440
227,#F50722,51,164,62,177,355
228,#F60823,113,243,124,254,371
229,#FC3811,194,308,203,319,371
230,#F50722,155,278,167,289,371
231,#FC3811,166,310,180,321,371
232,#575554,145,305,149,309,233
233,#4A2207,158,304,163,309,233
234,#EDEEE6,517,101,622,272,4580
235,#FBC707,479,137,536,218,2441
236,#FBB005,431,113,481,181,1958
237,#FAD004,513,63,544,110,960
238,#FC8903,453,112,479,172,854
239,#FA2603,462,49,504,88,1213
240,#FAD004,493,70,511,88,553
241,#FBC707,497,151,509,166,302
242,#EDEEE6,507,164,520,189,371
243,#FBC707,499,167,510,177,509
244,#8CBC0C,536,26,544,36,289
245,#EDE3AF,503,177,511,189,302
246,#FBC707,513,135,515,137,233
247,#FAD004,496,72,497,73,157
248,#0282E2,160,1062,279,1215,3051
249,#060504,252,1124,290,1181,675
250,#04BBF8,212,1170,251,1210,1107
251,#04BBF8,207,1156,232,1183,747
252,#016AD1,213,1178,232,1201,603
253,#037CDE,240,1150,254,1168,531
254,#0274DD,175,1229,192,1245,387
255,#0274DD,192,1210,208,1225,315
256,#037CDE,254,1170,267,1185,387
257,#0273DA,223,1209,241,1223,531
258,#037CDE,247,1134,261,1148,387
259,#0265C1,248,1114,266,1130,387
260,#037ADE,204,1194,215,1209,315
261,#0273DA,255,1185,267,1196,459
262,#01AFF3,199,1182,214,1192,531
263,#0372D4,241,1197,251,1208,459
264,#0372D4,231,1151,241,1162,387
265,#01AFF3,244,1185,253,1194,315
266,#EAEA9A,263,1190,274,1200,891
267,#0282E2,169,1216,176,1224,171
268,#037ADE,207,1239,213,1246,315
269,#EAEA9A,276,1180,284,1188,459
270,#EAEA9A,273,1187,277,1191,315
271,#100909,7,357,168,504,1648
272,#D8031F,144,360,156,376,509
273,#F81921,142,360,147,365,302
274,#EB0815,361,81,421,149,1733
275,#FCBC03,446,149,492,244,2096
276,#EB0815,410,158,474,233,2234
277,#F31011,415,149,440,163,647
278,#FCBC03,400,26,411,39,355
279,#FA2603,419,140,432,152,371
280,#FCC203,391,4,402,17,218
281,#4A2207,364,64,393,90,619
282,#9C1214,355,18,364,28,289
283,#EB0815,442,153,449,164,302
284,#4A2207,377,59,389,65,355
285,#EB0815,393,85,396,88,223
286,#EB0815,400,84,402,87,223
287,#EB0815,387,83,389,85,223
288,#EB0815,383,78,384,79,157
289,#70B21E,1111,84,1161,158,1597
290,#BDCE04,1149,93,1154,97,233
291,#060504,1100,466,1250,611,3267
292,#0C0E09,1177,344,1246,421,1971
293,#048BE7,1116,432,1164,475,1323
294,#0159B9,1125,407,1184,444,891
295,#0282E2,1168,421,1198,456,1035
296,#0282E2,1136,454,1165,475,891
297,#F32158,1145,440,1163,457,459
298,#018AE8,1223,417,1234,432,459
299,#018AE8,1208,421,1221,435,315
300,#018AE8,1200,434,1214,444,459
301,#EDEEE6,604,41,754,238,8255
302,#AACA04,585,78,609,129,1446
303,#91C013,651,45,679,77,1411
304,#8CBC0C,588,64,602,102,753
305,#95C00B,672,25,690,40,289
306,#9DC308,652,25,665,40,355
307,#F3F3F1,593,63,604,91,289
308,#9DC308,599,26,612,40,355
309,#9DC308,601,51,615,62,487
310,#95C00B,669,6,681,19,284
311,#9DC308,676,41,687,51,289
312,#AACA04,631,28,642,39,289
313,#95C00B,617,40,625,50,289
314,#9DC308,599,43,607,52,289
315,#EDEEE6,588,75,594,89,421
316,#91C013,645,39,653,49,223
317,#95C00B,616,18,623,24,289
318,#8FC20A,678,65,684,71,289
319,#91C013,641,41,644,42,157
320,#8CBC0C,590,73,591,75,223
321,#91C013,631,42,632,42,157
322,#F60823,88,123,107,137,565
323,#F60823,39,90,53,106,347
324,#F60823,50,107,68,123,289
325,#F60823,76,108,87,121,421
326,#F60823,28,108,39,122,355
327,#037CDE,1138,357,1188,405,963
328,#F0C610,1135,282,1176,375,1251
329,#016AD1,1153,336,1190,373,963
330,#0C509F,1130,319,1170,411,891
331,#016AD1,1195,334,1213,354,531
332,#0854AF,1219,292,1239,303,531
333,#5394C7,1173,322,1182,331,315
334,#016AD1,1191,328,1196,333,243
335,#6D778B,1170,342,1174,345,171
336,#F31632,1202,547,1219,564,387
337,#018AE8,1174,561,1189,576,459
338,#048BE7,1158,568,1173,581,387
339,#681EC5,1186,1217,1194,1224,328
340,#681EC5,1175,1174,1182,1183,478
341,#0C0E09,834,19,1039,155,1829
342,#599716,1010,73,1040,129,592
343,#EEDB0D,1041,70,1058,90,509
344,#985DC5,1053,63,1064,75,509
345,#EDEEE6,1039,83,1046,93,371
346,#ECEEED,987,101,1243,301,8723
347,#0288EC,1103,221,1153,267,1683
348,#0273DA,1100,238,1154,292,2187
349,#0282E2,1158,214,1171,228,603
350,#0183EB,1170,199,1183,211,459
351,#067FE4,1208,178,1221,189,315
352,#0282E2,1221,164,1231,175,459
353,#0282E2,1146,232,1158,241,315
354,#067FE4,1184,192,1194,200,315
355,#067FE4,1195,193,1201,198,243
356,#6A1FCD,879,1224,903,1249,819
357,#6A1FCD,916,1228,933,1245,315
358,#6A1FCD,947,1229,965,1247,387
359,#681EC5,863,1231,876,1246,387
360,#681EC5,980,1237,989,1247,243
361,#681EC5,1189,1123,1199,1134,328
362,#8C3D9B,1195,1108,1205,1116,328
363,#441390,1180,1147,1182,1149,178
364,#0B0E12,980,945,1122,1056,2893
365,#491595,1122,939,1244,974,1611
366,#6A1FCD,1073,918,1124,953,963
367,#5318A7,1108,961,1142,1027,1203
368,#681EC5,1121,975,1147,1003,905
369,#571AAB,1141,984,1181,1006,755
370,#681EC5,1213,1027,1236,1048,703
371,#16D241,1227,1032,1246,1052,928
372,#571AAB,1120,949,1153,967,387
373,#6A1FCD,1104,952,1121,966,387
374,#681EC5,1167,970,1188,978,315
375,#8C3D9B,1213,1008,1217,1012,253
376,#8C3D9B,1201,1009,1206,1014,328
377,#571AAB,1241,1037,1245,1038,178
378,#571AAB,1181,1006,1183,1007,178
379,#681EC5,1237,1031,1238,1032,178
380,#C5031D,150,364,208,405,1199
381,#D5031A,173,337,203,361,509
382,#F9451C,162,354,195,376,992
383,#FC3C15,192,371,205,383,302
384,#F00D15,172,345,184,357,371
385,#F00D15,190,367,191,368,164
386,#F60823,103,277,113,287,371
387,#F90E1B,103,267,114,275,371
388,#F60823,150,177,242,278,2924
389,#FC3811,121,110,233,219,3131
390,#F71E15,77,70,139,122,1086
391,#D5031A,173,194,244,247,1820
392,#F60823,113,143,137,165,716
393,#F50722,102,133,119,150,371
394,#E40323,99,125,113,138,370
395,#E60321,181,183,194,199,440
396,#E60321,171,174,185,189,302
397,#E60321,147,152,160,164,233
398,#F4061B,162,165,171,176,233
399,#D8031F,122,144,131,154,302
400,#FA6807,76,76,82,80,213
401,#73AF0D,547,87,577,116,900
402,#AACA04,562,89,577,105,358
403,#95C00B,551,79,566,96,421
404,#95C00B,558,52,571,64,355
405,#9DC308,546,65,558,76,289
406,#8CBC0C,546,41,556,51,289
407,#9DC308,543,93,551,102,427
408,#AACA04,575,81,577,83,157
409,#681EC5,1219,1064,1238,1090,703
410,#681EC5,1201,1045,1223,1061,628
411,#681EC5,1235,1046,1252,1066,628
412,#681EC5,1197,1066,1211,1079,328
413,#681EC5,1201,1032,1208,1043,403
414,#7320CE,1230,1102,1236,1108,328
415,#0499F2,64,1112,125,1167,935
416,#0265C1,116,1042,155,1089,459
417,#0686E4,121,1070,144,1094,387
418,#018AE8,55,1146,63,1154,302
419,#018AE8,70,1147,77,1153,302
420,#0265C1,115,1089,116,1092,171
421,#0686E4,133,1093,134,1095,171
422,#EACE0F,1113,30,1125,44,371
423,#026CD5,1118,259,1184,295,603
424,#0D1114,1174,241,1227,292,1395
425,#C1E735,1102,277,1179,301,819
426,#018AEE,1105,265,1119,282,459
427,#026CD5,1175,243,1197,259,387
428,#F4CF64,1078,299,1106,308,603
429,#DE0321,222,36,283,166,3406
430,#F60823,202,22,268,103,1480
431,#F50722,208,64,232,89,949
432,#F50722,179,52,211,76,619
433,#F24835,198,72,201,77,223
434,#F81921,149,350,156,362,302
435,#060504,52,830,225,1166,4405
436,#0854AF,144,1152,185,1179,675
437,#0499F2,93,1135,114,1158,310
438,#0372D4,144,1177,152,1183,243
439,#2197F3,108,1153,113,1159,243
440,#0499F2,114,1133,115,1135,171
441,#8CBC0C,721,55,799,215,4810
442,#FC7502,771,24,802,55,1807
443,#F5DC05,732,19,751,38,553
444,#599716,720,28,733,44,487
445,#AACA04,729,13,739,26,355
446,#84BB0C,765,39,779,50,817
447,#599716,773,23,792,36,355
448,#9DC308,732,42,739,51,289
449,#575554,774,48,787,56,553
450,#599716,775,42,779,53,421
451,#8CBC0C,773,53,775,55,289
452,#67A310,722,61,726,64,157
453,#599716,772,37,775,39,223
454,#599716,770,34,772,36,223
455,#F8F8F8,1128,575,1262,698,747
456,#067FE4,1106,696,1188,774,3123
457,#F1F1F0,1030,607,1129,636,1539
458,#02B1FB,1108,681,1149,711,1107
459,#0499F2,1129,684,1158,711,675
460,#EFD51F,1104,652,1126,695,963
461,#EBE7ED,1111,630,1126,657,459
462,#F32158,1120,664,1144,681,531
463,#0D92EC,1112,615,1127,638,459
464,#016FC7,1142,573,1161,592,315
465,#0D92EC,1120,640,1129,654,315
466,#0854AF,1178,686,1193,691,315
467,#107BD8,1123,649,1135,659,387
468,#0C509F,1129,602,1134,608,315
469,#0C509F,1139,591,1143,595,243
470,#0C509F,1135,596,1139,600,171
471,#0D92EC,1127,607,1131,612,243
472,#0499F2,1142,682,1145,684,171
473,#0D92EC,1127,612,1128,614,171
474,#0C509F,1134,600,1135,602,171
475,#107BD8,1135,659,1136,660,243
476,#107BD8,1137,661,1137,661,171
477,#107BD8,1136,660,1137,661,315
478,#0499F2,1133,681,1135,682,315
479,#17B3F0,794,38,810,55,619
480,#6D778B,771,92,783,105,361
481,#EDEEE6,762,87,769,106,425
482,#575554,787,42,798,59,421
483,#C6E406,775,55,780,61,289
484,#599716,792,34,804,38,223
485,#599716,774,108,778,112,233
486,#7DBA10,801,23,803,26,223
487,#575554,801,37,804,39,289
488,#F0EAE8,34,505,174,722,8316
489,#FD5E13,9,606,46,633,749
490,#F85718,11,523,41,538,421
491,#F85718,39,581,52,591,487
492,#F9451C,18,606,26,612,157
493,#E8EDF1,1098,709,1252,928,7155
494,#0190EB,1171,720,1192,733,387
495,#04BBF8,1157,714,1176,730,459
496,#018AE8,1220,720,1235,734,603
497,#7EC825,1186,701,1199,715,531
498,#983A73,1206,701,1219,715,387
499,#0161C4,1171,708,1184,717,315
500,#0499F2,1236,710,1246,721,315
501,#0265C1,1225,809,1226,810,171
502,#F92A1F,73,475,183,544,3240
503,#C5031A,25,459,57,481,421
504,#EFC209,73,480,89,495,553
505,#DE0519,55,477,79,488,355
506,#9C1214,69,489,75,497,223
507,#F92A1F,70,506,74,508,157
508,#95C00B,766,31,865,228,4492
509,#9DC308,752,135,785,163,923
510,#AACA04,789,148,807,164,440
511,#B2CE09,741,207,756,227,371
512,#EACE0F,744,216,762,242,647
513,#B2CE09,752,189,764,206,302
514,#8CBC0C,760,196,775,218,302
515,#AACA04,770,188,784,202,302
516,#BDCE04,781,166,791,176,233
517,#AACA04,786,114,795,122,233
518,#FCBC03,419,41,429,52,421
519,#FCC203,445,104,452,110,371
520,#0273DA,1230,273,1248,290,675
521,#2197F3,1171,271,1187,294,603
522,#5318A7,1225,288,1234,299,459
523,#985DC5,1216,935,1224,949,459
524,#E0E0E0,1213,926,1220,938,315
525,#571AAD,1223,941,1224,942,171
526,#F4061B,263,77,321,121,1724
527,#4A2207,306,41,326,101,885
528,#17B3F0,257,50,274,68,553
529,#4A2207,276,73,293,105,426
530,#FC9103,433,26,443,39,289
531,#FD9B02,451,105,453,107,233
532,#4A2207,320,67,352,109,824
533,#BE0219,339,81,356,98,751
534,#4A2207,364,73,370,80,289
535,#4A2207,370,68,374,73,355
536,#4A2207,356,86,360,89,289
537,#4A2207,361,80,365,84,289
538,#4A2207,359,83,362,85,289
539,#4A2207,359,85,360,86,289
540,#D8031F,103,64,176,146,3944
541,#F50722,84,34,152,109,2788
542,#ED0C21,152,67,185,106,1094
543,#F50722,103,3,124,21,480
544,#CA031C,99,49,125,72,814
545,#F20324,75,5,89,24,396
546,#F50722,125,23,139,39,487
547,#F50722,140,64,153,79,487
548,#F60823,140,39,152,51,355
549,#ED0C21,145,77,164,89,1015
550,#F20324,90,17,102,34,342
551,#F50722,79,51,91,61,276
552,#FA6E0D,85,73,89,77,150
553,#3DBFF8,81,960,84,964,223
554,#7DBA10,1012,107,1039,145,459
555,#BDCE04,1032,87,1045,109,309
556,#EDEEE6,1047,76,1055,86,440
557,#EDEEE6,1061,74,1066,85,302
558,#67AE23,745,1230,766,1248,459
559,#060504,1106,715,1250,966,5427
560,#681EC5,1216,970,1238,987,459
561,#681EC5,1236,990,1251,1005,541
562,#681EC5,1195,973,1201,982,459
563,#7320CE,1022,1167,1085,1240,1303
564,#060504,992,1152,1052,1173,621
565,#681EC5,1040,1233,1054,1246,253
566,#681EC5,1021,1196,1036,1208,403
567,#6A1FCD,1030,1211,1043,1225,328
568,#6A1FCD,1013,1185,1025,1194,328
569,#95C00B,561,111,577,135,509
570,#AACA04,589,85,591,88,223
571,#8CBC0C,588,104,588,105,233
572,#DD8A02,32,729,145,765,1634
573,#EDE3AF,53,718,64,736,487
574,#EAEA9A,51,732,60,745,553
575,#EDE3AF,52,737,55,740,157
576,#73AF0D,685,81,708,107,561
577,#571AAB,1192,1090,1192,1091,178
578,#1B0C03,8,701,60,713,288
579,#F2E9E8,164,84,460,365,12053
580,#ED0C21,188,78,205,98,421
581,#E40323,133,14,142,23,289
582,#E40323,136,24,140,28,223
583,#CD1560,633,1232,646,1247,603
584,#5E16AB,643,1235,654,1249,531
585,#8C3D9B,642,1227,652,1244,387
586,#571AAD,662,1243,674,1254,315
587,#8C3D9B,641,1244,643,1245,243
588,#DC021C,317,60,335,85,421
589,#CA031C,306,49,307,50,157
590,#571AAD,796,1224,809,1237,315
591,#7831C1,784,1229,795,1237,387
592,#571AAD,773,1234,783,1242,315
593,#E0E0E0,1118,106,1126,123,747
594,#EDE3AF,1128,116,1136,125,387
595,#F5EA61,1127,112,1137,118,315
596,#59C3C5,1126,116,1127,117,315
597,#EDE3AF,1125,118,1126,119,171
598,#FA6E0D,33,679,39,686,223
599,#8CBC0C,661,75,685,106,690
600,#BDCE04,678,96,689,113,298
601,#EDEEE6,668,58,677,86,421
602,#7D0F8E,575,1234,587,1246,315
603,#7D0F8E,599,1237,606,1245,315
604,#681EC5,762,1215,774,1226,315
605,#985DC5,1134,1211,1143,1232,478
606,#E0E0E0,1136,1226,1141,1231,328
607,#4A2207,374,64,378,68,289
608,#0161C4,1245,377,1246,378,171
609,#4F179F,1038,1149,1098,1232,1678
610,#4F179F,1018,1092,1098,1167,2428
611,#681EC5,1051,1030,1126,1074,1528
612,#441390,992,1021,1062,1084,1146
613,#5318A7,1021,1034,1079,1074,553
614,#060504,1064,1100,1096,1133,628
615,#681EC5,1056,1157,1095,1185,1228
616,#1E1E1D,1053,1068,1115,1107,2953
617,#F72615,1087,1078,1110,1102,1153
618,#5318A7,1095,1020,1118,1046,403
619,#681EC5,1083,1136,1107,1162,628
620,#491595,1035,1082,1051,1104,478
621,#5318A7,1091,1130,1111,1153,403
622,#571AAD,1074,1182,1088,1199,253
623,#2EA702,1059,1086,1076,1103,1228
624,#2EA702,1068,1080,1081,1100,628
625,#491595,1046,1101,1060,1111,403
626,#F85718,1091,1092,1102,1109,628
627,#5318A7,1042,1076,1054,1087,478
628,#1E1E1D,1074,1095,1078,1100,253
629,#575554,1081,1098,1085,1100,553
630,#C5C4C3,1068,1101,1070,1104,253
631,#4F179F,1093,1166,1094,1168,178
632,#571AAB,1142,1002,1144,1003,178
633,#F72615,1100,1097,1102,1098,178
634,#575554,1085,1095,1086,1096,178
635,#1E1E1D,1085,1099,1086,1100,178
636,#491595,1051,1086,1052,1087,178
637,#4F179F,1093,1168,1093,1169,253
638,#571AAD,1125,1183,1135,1211,403
639,#FABE06,239,763,299,885,1199
640,#4BB10F,243,864,316,946,1958
641,#F8530D,103,698,175,734,923
642,#FD9B02,221,743,268,781,854
643,#FA6807,165,719,205,750,647
644,#0372D4,228,876,292,917,578
645,#FC8903,196,734,227,764,509
646,#01A2F4,233,808,255,840,371
647,#0982DE,225,835,246,884,509
648,#FBB005,91,705,113,733,843
649,#EDE3AF,108,709,116,726,371
650,#C5C4C3,134,720,141,723,233
651,#01AFF3,214,816,231,831,440
652,#0982DE,223,869,225,874,233
653,#EAEA9A,139,831,142,833,233
654,#026ED7,75,795,86,807,223
655,#0854AF,92,796,99,800,289
656,#0277E2,701,1026,1035,1211,10776
657,#0370D8,429,1152,952,1222,4635
658,#0274DD,277,1089,387,1234,4851
659,#026ED7,273,1121,335,1210,2115
660,#0869CB,265,1182,346,1238,1971
661,#016AD1,361,1204,441,1232,1035
662,#0372D4,290,1062,355,1114,2331
663,#EFD51F,323,1077,418,1108,1395
664,#681EC5,1033,1119,1073,1153,1003
665,#0265C1,262,1085,296,1113,891
666,#0854AF,897,1177,951,1195,603
667,#F49619,895,1175,954,1187,531
668,#0370D8,940,1185,965,1202,1251
669,#0982DE,1012,1115,1041,1144,703
670,#0869CB,925,1185,946,1198,315
671,#0B0E12,316,1097,325,1116,387
672,#026ED7,329,1116,343,1134,675
673,#F24835,891,1184,911,1190,243
674,#03A6EC,293,1106,305,1114,387
675,#EDEEE6,272,1183,284,1194,387
676,#7F8693,1030,1129,1044,1142,553
677,#0370D8,422,1221,437,1225,387
678,#0372D4,291,1111,294,1113,243
679,#0869CB,348,1233,352,1234,171
680,#EDEEE6,284,1181,286,1183,387
681,#0869CB,948,1199,952,1200,171
682,#0869CB,958,1201,962,1202,243
683,#0869CB,943,1198,945,1199,171
684,#EAEA9A,284,1183,285,1185,243
685,#0869CB,953,1200,955,1201,171
686,#EAEA9A,286,1181,286,1182,243
687,#016AD1,430,1223,431,1224,171
688,#EDEEE6,271,1194,272,1195,171
689,#EDEEE6,271,1195,271,1196,171
690,#EFD51F,332,1113,332,1114,171
691,#0282E2,156,1022,285,1142,4995
692,#0265C1,169,1048,284,1158,1323
693,#0282E2,205,956,246,1022,935
694,#0372D4,189,993,269,1067,1533
695,#3DBFF8,208,929,261,964,1061
696,#0499F2,199,994,242,1043,952
697,#17B3F0,216,912,251,950,923
698,#0982DE,127,1041,156,1059,387
699,#0192F0,174,1090,190,1106,387
700,#0192F0,164,1132,177,1148,459
701,#0D92EC,184,873,199,893,233
702,#A39AAA,181,936,187,941,233
703,#0372D4,188,1067,189,1069,171
704,#B309A0,58,987,100,1029,912
705,#060504,168,88,452,357,6976
706,#F5F4F4,169,363,308,467,2234
707,#EB0815,265,355,314,394,1199
708,#060504,234,299,288,333,1130
709,#FA6E0D,186,320,228,359,1682
710,#F8530D,254,356,281,388,923
711,#FA6E0D,226,359,241,376,440
712,#FA6807,241,346,254,358,302
713,#FA6807,224,329,238,343,302
714,#F9451C,206,377,218,391,371
715,#FA6E0D,239,317,252,327,302
716,#F94F0C,277,357,293,367,509
717,#F8530D,211,319,223,331,440
718,#FA6E0D,215,360,224,369,371
719,#FD5E13,226,306,234,316,302
720,#F35E0A,240,334,250,343,233
721,#F50722,213,291,225,299,440
722,#C5C4C3,229,295,240,302,854
723,#F9451C,196,364,202,369,302
724,#FC3811,182,320,189,327,233
725,#929292,223,293,231,300,509
726,#4A2207,210,313,216,316,233
727,#9C1214,214,367,219,373,509
728,#F85718,264,350,267,352,233
729,#929292,231,300,232,301,164
730,#F50722,227,298,228,299,164
731,#F60823,101,160,120,187,647
732,#F60823,113,178,132,198,440
733,#F60823,128,195,146,212,440
734,#F50722,167,228,187,242,509
735,#F60823,141,169,153,186,371
736,#F60823,130,164,143,178,371
737,#F20324,187,243,199,252,302
738,#F60823,153,201,165,212,302
739,#F60823,146,192,151,197,233
740,#DE0321,78,186,91,200,355
741,#D8031F,89,172,91,173,157
742,#EFD504,53,124,101,174,950
743,#EFD504,129,212,170,265,440
744,#EFD504,170,264,171,265,233
745,#D8031F,206,240,290,313,4373
746,#9C1214,211,285,220,293,371
747,#F00D15,212,291,218,297,302
748,#EFD504,187,251,203,280,302
749,#EFD504,203,280,204,281,233
750,#F00D15,195,342,196,343,164
751,#060504,524,67,748,310,6729
752,#8FC20A,571,210,616,292,1406
753,#FAD004,516,192,563,264,1130
754,#0D1012,594,65,705,131,1594
755,#8FC20A,556,201,582,245,716
756,#84BB0C,551,149,580,175,785
757,#9DC308,562,143,581,165,923
758,#BDCE04,573,207,588,240,854
759,#191819,574,132,595,150,992
760,#EDE3AF,592,104,607,127,302
761,#F4CF64,555,170,568,176,302
762,#FCBC03,517,147,525,153,233
763,#E0E0E0,591,132,598,144,716
764,#1E1E1D,536,110,540,123,233
765,#A39AAA,545,116,549,123,233
766,#EDE3AF,560,170,566,173,302
767,#575554,594,129,597,133,302
768,#EDE3AF,574,146,576,148,233
769,#060504,449,193,584,336,2027
770,#FD9B02,473,171,488,206,578
771,#F0C610,505,175,518,191,371
772,#FAD004,516,214,518,216,164
773,#FCBC03,463,159,469,164,302
774,#FD9B02,456,122,459,125,233
775,#FC8903,467,52,499,84,685
776,#6CA90C,537,28,537,29,91
777,#060504,254,630,911,1094,15385
778,#0293E8,269,1056,281,1087,531
779,#0265C1,174,1160,190,1173,315
780,#0161C4,214,1159,226,1174,243
781,#0161C4,202,1177,216,1186,315
782,#0161C4,200,1185,201,1186,171
783,#0161C4,266,1195,267,1196,171
784,#F8F8F8,11,360,161,492,768
785,#D5031A,119,461,178,483,992
786,#F51524,141,437,177,476,785
787,#E60321,160,384,187,427,992
788,#CD1560,163,422,181,451,716
789,#F2E9E8,161,431,178,453,371
790,#DC021C,149,444,165,460,371
791,#DE0519,91,479,93,480,157
792,#F31011,391,142,478,309,5339
793,#C80311,352,93,370,117,436
794,#DE0519,401,137,421,156,647
795,#FC3811,390,135,399,150,371
796,#4A2207,344,90,364,104,693
797,#F8530D,407,133,410,136,233
798,#F36402,469,242,480,252,302
799,#FBC707,490,205,491,207,164
800,#9C1214,410,154,421,161,440
801,#F94F0C,410,168,419,175,440
802,#F31011,418,164,425,171,371
803,#FC3811,431,193,441,200,233
804,#FA7410,407,156,412,162,302
805,#F35E0A,460,221,465,225,164
806,#F85F02,422,170,425,173,233
807,#FC7502,420,158,423,161,233
808,#F31011,458,195,460,198,233
809,#FA6807,461,209,463,212,302
810,#F31011,427,164,429,166,233
811,#F5DC05,350,60,391,97,1147
812,#EACE0F,1103,121,1151,174,747
813,#59C3C5,1124,104,1131,112,243
814,#FCBC03,1107,499,1197,582,1827
815,#F89B08,1079,552,1149,607,819
816,#EA3810,1144,487,1218,541,819
817,#983A73,1127,490,1185,508,819
818,#9C1214,1101,430,1130,493,747
819,#7831C1,1100,492,1134,510,531
820,#8C3D9B,1124,492,1157,509,531
821,#0282E2,1122,466,1134,478,243
822,#1C1263,1096,605,1107,611,315
823,#F89B08,1152,546,1154,549,243
824,#EA3810,1157,543,1159,545,171
825,#EA3810,1155,545,1157,546,171
826,#EA3810,1154,546,1155,548,243
827,#F89B08,1149,551,1150,552,171
828,#F89B08,1150,550,1151,551,171
829,#F89B08,1151,549,1152,550,171
830,#FAD004,1185,347,1241,414,1179
831,#018AE8,1130,382,1201,428,1179
832,#037ADE,1141,394,1193,426,531
833,#0273DA,1169,368,1187,388,603
834,#04122E,1134,425,1156,436,243
835,#037ADE,1129,424,1136,430,243
836,#1C1263,1156,424,1161,427,243
837,#037ADE,1128,430,1130,431,315
838,#1C1263,1161,423,1162,424,315
839,#6EA80F,685,111,720,162,716
840,#BDCE04,712,180,745,213,992
841,#AACA04,681,128,702,166,578
842,#6CA90C,694,186,714,218,854
843,#F49619,646,115,678,129,785
844,#A39AAA,679,108,710,125,440
845,#1E1E1D,616,54,652,62,553
846,#7DBA10,691,212,706,231,440
847,#1E1E1D,679,106,712,128,509
848,#95C00B,689,200,699,213,371
849,#B2CE09,728,166,740,178,233
850,#191819,626,45,646,52,355
851,#88C019,659,66,667,90,421
852,#9DC308,711,129,722,142,302
853,#C1E735,623,59,643,64,289
854,#AACA04,750,125,760,137,302
855,#B2CE09,742,154,752,165,233
856,#C5C4C3,636,113,659,117,371
857,#EDE3AF,654,124,667,127,233
858,#599716,654,60,661,66,355
859,#A39AAA,653,179,662,183,233
860,#7F8693,737,82,740,86,223
861,#95C00B,713,185,714,186,164
862,#EDE3AF,609,98,610,99,157
863,#EDE3AF,608,100,609,101,163
864,#EDE3AF,669,126,670,126,233
865,#BDCE04,595,96,604,104,227
866,#EDEEE6,606,104,607,105,233
867,#EDEEE6,659,57,673,89,553
868,#191819,669,67,674,77,289
869,#060504,176,258,1159,749,22023
870,#F3F3F1,834,283,1173,547,6624
871,#F4B703,1117,361,1142,435,747
872,#EDE3AF,1145,314,1157,339,387
873,#EDE3AF,1157,313,1158,314,315
874,#F4B703,1144,369,1144,370,243
875,#0159B9,1123,410,1135,434,603
876,#F8F8F8,850,24,1033,148,854
877,#7BBC0F,873,148,947,247,1406
878,#BDCE04,895,143,982,237,2165
879,#7DBA10,928,141,1007,217,2446
880,#84BB0C,794,132,879,219,3200
881,#91C013,993,153,1033,185,813
882,#66AD15,861,142,896,187,854
883,#67A310,963,151,1013,206,934
884,#67A310,841,125,863,156,509
885,#599716,902,152,932,191,440
886,#BDCE04,1019,141,1026,154,315
887,#BDCE04,1015,154,1023,163,243
888,#060504,993,107,1237,308,4847
889,#95C00B,929,183,994,259,1682
890,#037CDE,1114,130,1159,187,891
891,#70B21E,965,218,1037,259,1435
892,#0869CB,1125,164,1156,189,603
893,#048BE7,1101,160,1122,182,459
894,#7EC825,1011,232,1039,272,747
895,#70B21E,1022,170,1045,189,315
896,#73AF0D,972,213,995,241,647
897,#037ADE,1106,221,1129,244,531
898,#0159B9,1108,216,1122,232,315
899,#5A9E11,982,217,999,236,440
900,#66AD15,1030,215,1041,236,603
901,#0D92EC,1129,180,1143,193,315
902,#66AD15,1027,230,1039,241,459
903,#BDCE04,989,180,997,188,302
904,#037ADE,1136,225,1143,229,243
905,#037ADE,1129,224,1134,230,243
906,#A39AAA,1083,178,1087,181,243
907,#026CD5,1158,214,1160,216,171
908,#5A9E11,1038,229,1039,230,243
909,#060504,741,891,1100,1036,4787
910,#F5F4F4,987,940,1120,1046,909
911,#5318A7,950,985,1026,1060,2918
912,#6A1FCD,929,952,986,1005,859
913,#4F179F,943,954,991,992,785
914,#681EC5,1115,996,1127,1012,323
915,#681EC5,1107,1017,1120,1029,328
916,#6A1FCD,983,1007,991,1016,243
917,#F5F4F4,1091,1046,1093,1047,253
918,#571AAD,1083,880,1150,947,2547
919,#681EC5,1169,897,1188,944,819
920,#6746B6,1187,934,1197,950,459
921,#04BBF8,1098,925,1116,943,603
922,#441390,1075,913,1088,923,243
923,#C5031A,171,135,246,219,1751
924,#EF0320,163,139,224,202,1130
925,#F94F0C,226,218,272,257,1130
926,#ED0C21,220,199,235,215,233
927,#ED0C21,233,213,248,227,440
928,#FA7410,216,211,230,225,647
929,#F60823,195,200,207,211,440
930,#F50722,153,129,166,142,302
931,#F60823,142,119,153,133,233
932,#FBB005,206,201,214,210,440
933,#FA6807,164,152,170,159,302
934,#F94F0C,223,212,228,217,164
935,#F60823,137,120,141,125,233
936,#D5031A,190,192,193,195,164
937,#F94F0C,221,210,223,212,164
938,#FA6E0D,97,89,101,96,282
939,#F60823,225,241,241,255,302
940,#F50722,209,216,220,227,371
941,#9AD4F1,1180,245,1223,287,1107
942,#F4CF64,1106,299,1109,300,171
943,#F4061B,243,101,268,123,578
944,#F50722,227,126,241,139,578
945,#F60823,240,139,253,153,371
946,#F50722,230,88,244,102,292
947,#F60823,244,125,255,136,371
948,#F50722,230,112,242,125,302
949,#F31632,222,103,231,113,233
950,#DE0321,219,87,222,88,157
951,#C5C4C3,180,886,190,898,233
952,#C5C4C3,76,915,88,923,223
953,#C5C4C3,193,848,200,853,164
954,#A39AAA,111,1019,117,1024,171
955,#929292,91,900,95,909,157
956,#A39AAA,92,909,97,914,289
957,#6D778B,87,917,89,919,223
958,#95C00B,699,188,751,249,2441
959,#AACA04,755,110,772,127,440
960,#EDEEE6,752,82,761,107,292
961,#AACA04,752,164,764,177,302
962,#9DC308,754,126,768,141,440
963,#9DC308,767,125,781,137,509
964,#BDCE04,740,179,751,188,302
965,#5A9E11,770,157,773,160,233
966,#575554,798,39,801,42,157
967,#599716,776,40,777,42,157
968,#599716,775,39,776,40,157
969,#191819,1150,603,1169,630,963
970,#191819,1170,605,1190,630,963
971,#191819,1189,606,1205,631,1251
972,#191819,1203,604,1220,633,963
973,#191819,1219,607,1236,633,963
974,#191819,1183,636,1202,661,747
975,#191819,1174,636,1182,660,531
976,#1E1E1D,1204,637,1211,654,531
977,#1E1E1D,1202,656,1209,663,243
978,#EBE7ED,1224,623,1230,629,243
979,#0D92EC,1085,714,1127,790,1467
980,#BE0219,1069,693,1113,810,1107
981,#0499F2,1157,734,1172,746,387
982,#0869CB,1152,768,1165,782,387
983,#060504,904,612,1121,908,4274
984,#985DC5,1038,538,1107,619,1179
985,#8C3D9B,1068,604,1099,614,315
986,#C29BE1,1024,604,1041,614,459
987,#1C1263,1030,630,1039,647,459
988,#04122E,1027,622,1039,631,243
989,#C29BE1,1038,617,1039,618,171
990,#64D1F3,1116,674,1134,687,603
991,#2197F3,1110,680,1119,695,315
992,#2197F3,1112,696,1113,698,171
993,#067FE4,1154,701,1155,701,99
994,#F85F02,1058,658,1117,818,819
995,#9AD4F1,1117,669,1130,678,243
996,#9AD4F1,1130,676,1131,677,171
997,#060504,39,507,168,762,4788
998,#060504,120,613,200,692,2027
999,#F72615,147,586,199,630,1268
1000,#F71E15,156,509,195,566,1958
1001,#FC3C15,118,654,146,685,923
1002,#FC3C15,120,624,141,640,371
1003,#F83418,159,551,188,580,923
1004,#F94F0C,159,572,181,590,509
1005,#F83418,109,567,133,592,716
1006,#F24835,109,512,124,527,302
1007,#FA7410,159,568,175,582,440
1008,#FA6E0D,115,573,127,587,302
1009,#F48603,135,624,151,633,302
1010,#1E1E1D,102,521,116,536,302
1011,#F47226,172,548,180,565,302
1012,#FA6E0D,119,648,127,658,233
1013,#575554,148,550,156,561,440
1014,#599716,135,685,143,694,371
1015,#A39AAA,69,639,80,645,223
1016,#FA7410,159,581,164,587,371
1017,#929292,146,540,149,543,233
1018,#F47226,171,543,172,545,164
1019,#F94F0C,159,586,160,587,233
1020,#F92A1F,51,586,51,587,157
1021,#F47226,171,547,172,548,233
1022,#6F25D0,1072,808,1161,892,1395
1023,#0499F2,1085,790,1165,839,1107
1024,#02B1FB,1074,772,1128,815,1395
1025,#0D92EC,1156,780,1172,793,243
1026,#985DC5,1137,895,1144,912,315
1027,#929292,1186,799,1190,802,243
1028,#929292,1206,803,1210,806,243
1029,#037ADE,1224,733,1225,734,171
1030,#FBC707,170,447,191,504,647
1031,#FBB005,181,501,201,557,578
1032,#C5031A,143,471,178,490,578
1033,#FD5E13,152,497,168,510,509
1034,#F2E9E8,144,508,167,521,716
1035,#BDCE04,113,498,124,511,440
1036,#F2E9E8,119,507,135,521,371
1037,#FD5E13,138,500,149,509,371
1038,#F9451C,168,507,176,516,233
1039,#F9451C,158,508,167,516,371
1040,#F2E9E8,165,511,171,518,371
1041,#F4CF64,125,496,130,502,164
1042,#EDE3AF,135,512,139,516,233
1043,#F71E15,181,504,182,507,233
1044,#FBC707,181,503,182,504,233
1045,#F4CF64,124,502,125,503,302
1046,#060504,724,170,999,317,3407
1047,#0C0E09,741,185,790,252,992
1048,#8CBC0C,757,222,784,247,371
1049,#AACA04,776,215,791,231,302
1050,#BDCE04,790,186,808,201,509
1051,#F24835,815,149,830,162,854
1052,#67A310,826,165,843,184,509
1053,#BDCE04,778,200,790,212,371
1054,#B2CE09,827,148,835,165,302
1055,#B2CE09,804,178,815,188,371
1056,#929292,832,151,841,165,509
1057,#B2CE09,790,203,799,213,233
1058,#B2CE09,792,217,802,225,233
1059,#BDCE04,810,166,817,175,302
1060,#EACE0F,826,160,834,167,785
1061,#67A310,793,166,800,174,233
1062,#BDCE04,816,171,822,176,233
1063,#4A2207,788,183,791,186,233
1064,#4A2207,791,182,793,183,233
1065,#B2CE09,829,166,831,168,164
1066,#B2CE09,825,162,827,163,302
1067,#B2CE09,820,162,822,163,164
1068,#B2CE09,825,151,826,152,164
1069,#B2CE09,727,225,748,246,509
1070,#016AD1,1231,288,1232,289,171
1071,#E70618,311,78,361,145,2679
1072,#E70618,310,119,312,121,164
1073,#F5DC05,309,44,324,97,355
1074,#F5DC05,277,75,290,102,356
1075,#F5DC05,323,69,351,105,1371
1076,#4A2207,338,84,345,92,223
1077,#4A2207,348,93,353,99,421
1078,#4A2207,354,89,357,92,157
1079,#4A2207,353,92,354,93,157
1080,#4A2207,345,83,346,84,157
1081,#ED0C21,175,132,209,163,854
1082,#F50722,151,108,166,122,509
1083,#E40323,140,77,153,91,355
1084,#EDE3AF,155,86,161,92,289
1085,#ED0C21,164,110,169,117,233
1086,#ED0C21,163,117,165,120,233
1087,#88C019,159,77,167,86,751
1088,#7EC825,163,82,172,89,289
1089,#88C019,162,86,168,93,289
1090,#F47226,159,84,163,91,355
1091,#F36A4B,158,93,161,96,223
1092,#F47226,159,83,161,84,157
1093,#F47226,159,80,160,81,157
1094,#F47226,158,82,159,83,157
1095,#EBE7ED,1164,884,1191,938,963
1096,#F5DC05,1117,721,1146,753,675
1097,#EFC209,1113,736,1144,766,891
1098,#681EC5,1116,925,1140,942,603
1099,#9C1214,1111,761,1134,771,387
1100,#985DC5,1171,925,1177,940,315
1101,#7831C1,1139,909,1145,923,243
1102,#F3C34E,1123,763,1127,768,171
1103,#6D778B,1134,720,1138,723,171
1104,#EBE7ED,1191,938,1192,939,171
1105,#F0EAE8,87,679,113,737,759
1106,#C5C4C3,83,735,91,742,223
1107,#FBB005,48,742,55,750,223
1108,#F31011,340,164,416,239,2648
1109,#F40D14,358,260,450,333,5201
1110,#FA6E0D,347,278,391,325,1130
1111,#F00D15,332,287,369,320,1130
1112,#D8031F,234,200,273,255,992
1113,#D8031F,310,348,346,376,647
1114,#F8530D,324,331,346,363,371
1115,#EB0815,410,222,433,250,854
1116,#D5031A,378,148,398,170,716
1117,#F31011,315,113,338,142,371
1118,#F71E15,329,109,353,128,371
1119,#F81921,337,145,352,177,371
1120,#F85718,302,354,318,370,440
1121,#FA7410,334,312,345,333,302
1122,#F8530D,406,228,420,240,302
1123,#FC3C15,355,202,368,214,440
1124,#F8530D,396,217,409,228,371
1125,#FC7502,395,293,406,305,440
1126,#FA6E0D,329,292,344,306,302
1127,#FC3811,375,163,385,178,233
1128,#191819,263,128,277,142,302
1129,#F94F0C,368,189,380,202,371
1130,#FC3811,335,140,348,152,440
1131,#F37CA9,247,213,268,231,509
1132,#FA6807,434,279,446,290,233
1133,#F31011,422,295,431,306,371
1134,#FA6807,446,266,455,277,302
1135,#FA6807,385,277,394,287,440
1136,#F31011,334,328,343,336,302
1137,#FD5E13,380,267,388,276,233
1138,#C5C4C3,262,189,279,201,302
1139,#FD5E13,367,268,373,274,302
1140,#FA7410,444,232,448,239,440
1141,#C5C4C3,306,197,316,202,233
1142,#A39AAA,187,104,191,108,233
1143,#DE0321,227,132,229,134,164
1144,#F81921,336,178,336,179,95
1145,#FA7410,1056,1151,1072,1166,553
1146,#060504,1010,1074,1045,1116,778
1147,#681EC5,1031,1106,1043,1120,403
1148,#A4E128,1016,1115,1031,1130,403
1149,#F0C610,943,1025,1039,1118,2445
1150,#EDE3AF,955,1047,1040,1063,613
1151,#5318A7,1032,1068,1045,1077,253
1152,#E0E0E0,1075,1071,1084,1098,553
1153,#C5C4C3,1057,1084,1067,1099,628
1154,#E0E0E0,1067,1076,1074,1085,403
1155,#C5C4C3,1065,1099,1066,1100,178
1156,#C5C4C3,1066,1100,1067,1101,178
1157,#C5C4C3,1067,1101,1068,1102,178
1158,#EEDB0D,1093,1086,1103,1098,478
1159,#F85718,1093,1090,1095,1095,178
1160,#F85718,1103,1092,1104,1093,253
1161,#1E1E1D,1067,1084,1072,1092,328
1162,#1E1E1D,1072,1092,1074,1095,178
1163,#F5F4F4,252,684,356,862,1682
1164,#EEDB0D,297,847,314,895,785
1165,#F5DC05,314,912,330,1028,1496
1166,#4AC7F3,242,885,284,945,1475
1167,#0D1012,255,874,297,923,578
1168,#8FC20A,305,861,324,899,854
1169,#F3E339,311,889,325,914,647
1170,#B2CE09,298,896,314,918,302
1171,#59C3C5,277,911,287,917,371
1172,#036043,274,916,279,925,371
1173,#060504,270,932,271,934,164
1174,#036043,273,925,274,926,164
1175,#F8F8F8,149,684,231,745,992
1176,#FC7502,121,683,180,706,578
1177,#4A2207,96,692,108,706,297
1178,#6D778B,242,716,321,756,716
1179,#DD8A02,233,746,250,763,371
1180,#59C3C5,230,733,242,750,509
1181,#7F8693,226,731,232,747,371
1182,#E8EDF1,244,911,252,922,233
1183,#0D1012,480,1070,713,1146,3267
1184,#0D1114,527,1121,780,1200,3771
1185,#107BD8,686,1026,896,1080,2763
1186,#0D1114,788,1113,941,1182,1611
1187,#0370D8,969,1061,1027,1133,2129
1188,#0C0E09,785,1049,845,1111,963
1189,#0D1012,725,1050,773,1117,1035
1190,#0C0E09,860,1042,894,1105,1107
1191,#0686E4,652,1116,702,1144,747
1192,#F3E339,796,1021,926,1036,1251
1193,#0273DA,943,1049,979,1083,1179
1194,#0370D8,938,1095,972,1133,2403
1195,#0273DA,924,1033,945,1066,1539
1196,#0370D8,951,1145,964,1172,675
1197,#0370D8,956,1082,967,1095,387
1198,#0273DA,941,1087,953,1102,603
1199,#016FC7,724,1085,737,1093,315
1200,#0370D8,961,1148,969,1158,315
1201,#0869CB,948,1188,955,1197,315
1202,#F4CF64,920,1030,929,1041,387
1203,#107BD8,919,1026,930,1032,387
1204,#107BD8,901,1029,909,1039,387
1205,#EAEA9A,915,1038,923,1045,243
1206,#107BD8,920,1037,926,1043,387
1207,#0869CB,955,1183,960,1189,315
1208,#0370D8,995,1133,1000,1138,244
1209,#0370D8,789,1158,794,1163,243
1210,#0854AF,941,1174,951,1176,243
1211,#929292,1011,1118,1016,1123,253
1212,#0273DA,946,1070,948,1072,243
1213,#0273DA,951,1088,953,1091,243
1214,#0854AF,951,1176,956,1178,459
1215,#107BD8,900,1039,902,1041,243
1216,#0370D8,955,1182,957,1184,243
1217,#0370D8,968,1189,970,1191,243
1218,#0370D8,956,1176,958,1177,243
1219,#107BD8,908,1028,910,1029,171
1220,#107BD8,844,1072,845,1074,171
1221,#0273DA,979,1060,981,1061,171
1222,#0370D8,951,1178,952,1179,243
1223,#0273DA,945,1046,946,1047,171
1224,#107BD8,926,1043,927,1044,171
1225,#107BD8,889,1041,890,1042,171
1226,#929292,1016,1123,1017,1124,178
1227,#0D1114,359,1150,521,1227,3267
1228,#0282E2,491,1134,549,1178,1467
1229,#0282E2,514,1180,516,1181,171
1230,#0B0E12,368,1096,473,1158,2187
1231,#0372D4,379,1123,424,1176,1107
1232,#0282E2,367,1085,423,1102,603
1233,#0869CB,299,1198,304,1205,243
1234,#EDE3AF,351,1106,356,1112,243
1235,#026ED7,330,1169,335,1173,315
1236,#026ED7,327,1175,331,1179,171
1237,#026ED7,346,1115,349,1119,243
1238,#026ED7,323,1158,326,1161,243
1239,#026ED7,335,1210,338,1213,243
1240,#026ED7,325,1207,328,1210,243
1241,#0869CB,309,1204,311,1206,243
1242,#0282E2,373,1101,376,1103,171
1243,#0274DD,303,1174,314,1182,243
1244,#0274DD,324,1222,326,1224,315
1245,#0274DD,314,1212,315,1213,243
1246,#24B8F9,332,1052,370,1086,963
1247,#02B1FB,310,1067,336,1095,675
1248,#EAEA9A,329,1074,430,1090,1251
1249,#01A2F4,301,1093,315,1108,387
1250,#0190EB,294,1082,305,1093,315
1251,#0D92EC,319,1085,330,1099,747
1252,#01A2F4,307,1072,317,1080,243
1253,#0192F0,340,1068,349,1075,243
1254,#24B8F9,343,1084,346,1085,171
1255,#0293E8,415,1081,450,1115,1683
1256,#F3E339,416,1073,469,1084,675
1257,#EDEEE6,326,1087,331,1103,387
1258,#EAEA9A,326,1087,328,1099,387
1259,#0293E8,408,1085,412,1089,243
1260,#F3E339,408,1079,409,1080,171
1261,#4F179F,1033,1130,1034,1131,178
1262,#0372D4,279,1094,294,1108,387
1263,#0190EB,202,1081,228,1106,891
1264,#0273DA,251,1019,284,1043,819
1265,#EEDB0D,219,1048,241,1071,963
1266,#0192F0,188,1072,204,1091,531
1267,#0293E8,208,1045,230,1063,603
1268,#0499F2,228,1064,243,1082,531
1269,#0293E8,221,1031,242,1045,459
1270,#01A2F4,253,1045,267,1057,387
1271,#0192F0,203,1067,215,1080,387
1272,#02B1FB,243,1016,256,1029,315
1273,#02B1FB,242,1032,253,1044,315
1274,#0293E8,233,1046,243,1057,315
1275,#01A2F4,269,1034,278,1045,315
1276,#01A2F4,255,1029,264,1041,315
1277,#01A2F4,278,1024,284,1037,315
1278,#5394C7,203,1075,207,1079,315
1279,#0265C1,264,1062,266,1064,315
1280,#3DBFF8,228,951,291,1020,1689
1281,#C5031D,227,976,245,995,509
1282,#64D1F3,231,956,249,974,509
1283,#0282E2,263,998,286,1024,745
1284,#02B1FB,267,989,288,1007,658
1285,#01A2F4,263,1011,280,1027,315
1286,#0282E2,251,1011,268,1027,459
1287,#03A6EC,255,1005,265,1014,387
1288,#03A6EC,237,944,262,971,854
1289,#E8EDF1,234,940,245,957,302
1290,#E8EDF1,236,919,242,931,440
1291,#E8EDF1,245,928,254,938,302
1292,#E8EDF1,230,935,236,939,371
1293,#0282E2,236,990,242,997,302
1294,#3DBFF8,230,935,231,935,164
1295,#F2E9E8,260,225,299,327,1130
1296,#ECEEED,285,170,317,187,302
1297,#9C1214,264,319,282,336,302
1298,#ECEEED,265,134,280,148,371
1299,#A39AAA,271,321,289,334,371
1300,#F00D15,244,321,258,331,302
1301,#CE0210,257,329,273,340,371
1302,#929292,434,245,445,252,302
1303,#FC3C15,254,327,261,333,302
1304,#C5C4C3,378,225,389,230,233
1305,#575554,279,200,286,204,233
1306,#575554,364,139,371,144,371
1307,#929292,360,139,365,143,233
1308,#929292,364,134,367,139,233
1309,#191819,264,148,266,150,233
1310,#F2E9E8,254,216,255,218,164
1311,#929292,364,132,365,134,233
1312,#929292,363,131,364,132,233
1313,#CE0210,273,340,273,340,233
1314,#060504,276,378,304,407,854
1315,#5394C7,278,401,297,424,302
1316,#9C1214,274,383,286,445,854
1317,#64D1F3,283,420,292,440,302
1318,#9C1214,172,429,184,440,302
1319,#BE0219,166,406,178,415,371
1320,#F1F1F0,300,391,307,406,440
1321,#F3963C,258,370,264,379,233
1322,#F1F1F0,279,465,285,476,302
1323,#A39AAA,269,382,271,385,233
1324,#F1F1F0,285,440,286,443,233
1325,#F1F1F0,311,354,374,470,1820
1326,#F9451C,303,369,319,385,440
1327,#F92A1F,279,309,292,321,509
1328,#C5C4C3,226,292,248,302,923
1329,#F51524,272,306,281,315,371
1330,#F37CA9,247,299,253,305,233
1331,#D8031F,277,313,281,316,233
1332,#6D778B,240,300,243,302,233
1333,#EB0815,280,380,280,381,164
1334,#F00D15,216,368,217,369,164
1335,#1E1E1D,219,289,230,296,440
1336,#6D778B,229,295,236,299,302
1337,#6D778B,238,299,240,300,164
1338,#6D778B,236,298,238,299,164
1339,#1B0C03,149,225,162,250,509
1340,#F51524,227,278,242,295,509
1341,#F83418,257,253,277,269,716
1342,#F9451C,261,294,275,306,302
1343,#F83418,241,277,254,291,302
1344,#F50722,242,254,254,266,302
1345,#F81921,268,277,282,291,302
1346,#F51524,253,289,266,301,371
1347,#F92A1F,253,265,264,276,716
1348,#FD5E13,268,264,279,274,578
1349,#F50722,250,282,258,294,302
1350,#F50722,248,265,254,273,509
1351,#F83418,269,269,275,276,164
1352,#F83418,277,274,280,275,233
1353,#F9F7F5,372,243,700,387,5684
1354,#F94F0C,663,240,705,316,716
1355,#AACA04,686,245,732,289,1130
1356,#F8530D,551,276,600,333,785
1357,#EDEEE6,566,142,635,188,1199
1358,#F89B08,596,254,647,317,371
1359,#4A2207,687,258,719,299,509
1360,#E0E0E0,596,115,652,141,1337
1361,#FA7410,590,307,604,323,371
1362,#1B0C03,579,286,591,301,371
1363,#EAEA9A,690,242,696,261,440
1364,#AACA04,590,286,599,297,302
1365,#67A310,694,235,702,245,371
1366,#EDEEE6,597,139,599,142,302
1367,#9DC308,561,242,585,273,923
1368,#0C0E09,581,242,600,278,440
1369,#1D9101,577,238,581,244,302
1370,#AACA04,559,231,578,255,509
1371,#FD5E13,540,209,551,220,302
1372,#04BBF8,615,74,653,115,565
1373,#575554,629,70,636,72,289
1374,#AACA04,558,214,572,226,371
1375,#EEDB0D,577,152,588,175,440
1376,#9DC308,575,171,578,174,233
1377,#EDE3AF,570,148,589,155,509
1378,#EDE3AF,576,147,577,148,164
1379,#A4E128,582,135,593,144,302
1380,#E0E0E0,578,137,584,145,233
1381,#F0C610,594,119,626,141,440
1382,#F94F0C,464,218,560,342,716
1383,#FC7502,456,277,467,290,233
1384,#FA6807,447,306,457,319,578
1385,#FD5E13,442,318,452,330,371
1386,#F31011,450,317,454,323,302
1387,#F36402,467,268,471,273,164
1388,#FCC203,320,702,505,912,10238
1389,#01AFF3,704,675,890,902,12515
1390,#F5F4F4,638,574,1032,873,7839
1391,#EF0320,511,807,686,909,4511
1392,#FC8F03,346,870,507,992,8030
1393,#F5F4F4,415,582,622,831,3062
1394,#FBB005,656,957,746,1039,1223
1395,#F8F8F8,536,924,620,1015,1277
1396,#018AEE,696,814,748,899,2786
1397,#0190EB,771,753,841,851,2924
1398,#F85718,532,967,628,1045,1158
1399,#F5DC05,338,829,353,1015,1413
1400,#F5EA61,318,691,492,751,1613
1401,#77D8F4,703,652,772,805,1544
1402,#E80602,349,909,495,1014,652
1403,#F24E08,302,935,331,1054,737
1404,#7FDCF7,795,642,897,748,785
1405,#7D0F8E,347,960,478,1042,522
1406,#6F20D0,613,1004,654,1051,891
1407,#0499F2,833,776,888,878,1475
1408,#441390,464,1037,519,1071,963
1409,#F32158,641,662,673,807,1061
1410,#4F179F,566,1014,623,1057,1323
1411,#EDE3AF,609,1018,914,1056,2691
1412,#7831C1,772,852,832,927,1544
1413,#0854AF,680,931,755,963,992
1414,#6A1FCD,636,996,670,1033,745
1415,#F56194,540,695,570,784,785
1416,#CE0210,560,864,629,894,716
1417,#F4061B,624,866,656,926,785
1418,#0390E5,492,961,557,989,440
1419,#24B8F9,833,790,844,880,647
1420,#DD8A02,621,949,676,984,647
1421,#F31632,545,863,627,943,854
1422,#F47226,497,866,521,943,647
1423,#F37CA9,563,662,646,698,716
1424,#F32158,450,1005,520,1036,1179
1425,#0172CB,529,911,612,992,1061
1426,#7D0F8E,631,922,697,952,371
1427,#929292,491,738,523,817,578
1428,#0456BC,830,877,888,906,440
1429,#5318A7,664,1012,696,1043,675
1430,#E1030D,649,874,691,915,785
1431,#DD8A02,428,988,479,1020,1022
1432,#24B8F9,883,677,892,756,509
1433,#F36A4B,516,817,536,870,440
1434,#64D1F3,767,662,789,715,371
1435,#4AC7F3,691,830,707,894,854
1436,#0869CB,756,861,770,931,578
1437,#491595,404,1058,435,1077,459
1438,#0282E2,701,912,746,932,509
1439,#24B8F9,370,1048,397,1072,531
1440,#F00D15,434,1009,468,1043,603
1441,#F3E339,335,782,345,833,371
1442,#EA3810,385,1016,444,1041,315
1443,#FBB005,345,978,407,1015,1141
1444,#1C1263,564,895,611,954,716
1445,#7D0F8E,437,1050,463,1075,603
1446,#64D1F3,885,646,896,703,854
1447,#F50722,508,935,550,950,509
1448,#F3605F,529,780,546,820,440
1449,#EAEA9A,468,1060,547,1074,819
1450,#EBE7ED,355,681,409,708,509
1451,#4F179F,383,1065,411,1080,531
1452,#64D1F3,698,798,710,839,716
1453,#0C509F,480,989,531,1012,588
1454,#5E16AB,831,901,879,922,509
1455,#037ADE,708,922,759,946,440
1456,#EEDB0D,314,777,322,817,371
1457,#0265C1,623,946,677,970,509
1458,#E80602,479,769,505,812,440
1459,#3DBFF8,783,713,799,751,371
1460,#6746B6,609,925,621,963,440
1461,#03A6EC,358,1045,384,1063,459
1462,#F31632,666,801,680,843,371
1463,#F80542,459,1046,476,1064,387
1464,#018AEE,757,767,777,786,647
1465,#F4E24F,316,747,324,774,440
1466,#6746B6,765,875,777,909,440
1467,#F8D403,480,825,504,849,233
1468,#E1030D,493,946,523,960,440
1469,#FBB005,493,852,508,880,578
1470,#FA2603,314,788,337,822,509
1471,#5E16AB,552,1043,577,1060,243
1472,#CD1560,431,1053,448,1077,603
1473,#5318A7,510,1048,527,1063,387
1474,#0372D4,382,1041,400,1053,387
1475,#E80602,314,829,327,853,233
1476,#F3E339,455,821,482,830,302
1477,#7831C1,898,875,906,899,509
1478,#037ADE,272,979,289,993,302
1479,#F24E08,443,803,465,821,233
1480,#F4E24F,487,714,497,735,302
1481,#F24835,518,1006,535,1038,459
1482,#FAD004,319,1023,330,1038,387
1483,#F35E0A,491,941,505,960,371
1484,#EDE3AF,544,1054,591,1063,747
1485,#0265C1,457,984,481,1002,444
1486,#FBB005,615,963,624,979,440
1487,#4F179F,877,895,899,906,371
1488,#3DBFF8,472,998,484,1016,596
1489,#04122E,518,1045,530,1062,315
1490,#6A1FCD,603,1017,616,1029,243
1491,#EACE0F,320,876,325,906,440
1492,#F3E339,315,772,324,787,371
1493,#0854AF,395,1037,406,1048,243
1494,#0456BC,697,896,706,906,371
1495,#7D0F8E,433,1056,441,1066,243
1496,#A39AAA,622,651,638,658,302
1497,#0854AF,786,855,793,866,371
1498,#1E1E1D,899,641,903,662,233
1499,#0854AF,606,918,613,927,371
1500,#F24E08,491,902,497,917,233
1501,#681EC5,673,1021,681,1030,243
1502,#575554,306,742,314,754,371
1503,#6D778B,553,686,563,698,164
1504,#EACE0F,320,913,326,922,302
1505,#6D778B,709,668,718,680,302
1506,#9C1214,505,758,508,769,233
1507,#6D778B,673,950,676,960,302
1508,#64D1F3,697,841,700,853,164
1509,#1E1E1D,712,666,723,673,854
1510,#6D778B,408,681,415,686,302
1511,#4A2207,376,1039,387,1044,243
1512,#ECEEED,901,872,906,879,302
1513,#ECEEED,902,802,904,808,164
1514,#575554,708,680,710,686,233
1515,#575554,447,1003,454,1007,171
1516,#9C1214,330,1036,336,1039,243
1517,#EACE0F,327,984,328,989,164
1518,#018AEE,705,899,709,903,233
1519,#EACE0F,325,932,326,936,164
1520,#F5DC05,324,906,325,914,302
1521,#575554,313,740,316,743,233
1522,#ECEEED,904,741,905,744,164
1523,#6D778B,720,665,724,667,233
1524,#ECEEED,905,721,906,724,164
1525,#F24E08,454,819,459,820,164
1526,#1C1263,702,946,705,948,164
1527,#575554,454,1000,457,1003,243
1528,#F24835,535,1039,537,1042,171
1529,#ECEEED,910,636,911,638,164
1530,#ECEEED,903,767,904,769,164
1531,#ECEEED,907,684,908,686,164
1532,#EACE0F,328,1011,329,1013,171
1533,#EACE0F,326,961,327,963,164
1534,#6D778B,718,667,720,668,164
1535,#575554,717,670,719,671,164
1536,#575554,715,671,717,672,164
1537,#575554,713,672,715,673,164
1538,#F37CA9,646,661,648,662,164
1539,#6D778B,726,663,727,664,233
1540,#3DBFF8,261,944,262,945,233
1541,#EF0320,686,882,687,883,164
1542,#EEDB0D,313,874,313,875,233
1543,#6D778B,563,686,563,686,164
1544,#7D0F8E,441,1055,442,1056,171
1545,#1E1E1D,552,701,553,701,95
1546,#6D778B,725,664,726,665,302
1547,#575554,317,739,317,739,95
1548,#F5EA61,317,747,318,748,164
1549,#191819,59,427,83,455,355
1550,#191819,81,421,102,449,823
1551,#191819,41,398,64,427,751
1552,#191819,61,394,81,422,553
1553,#191819,101,417,121,445,854
1554,#191819,77,390,96,418,751
1555,#191819,111,383,131,410,716
1556,#1E1E1D,105,387,114,413,509
1557,#1E1E1D,123,415,130,433,509
1558,#1E1E1D,126,435,133,442,233
1559,#F71E15,139,466,152,474,302
1560,#9C1214,152,474,159,481,164
1561,#F5DC05,406,195,429,217,923
1562,#C80311,396,186,414,215,509
1563,#FA6807,435,292,456,306,785
1564,#C80311,411,212,422,226,509
1565,#E1030D,390,173,406,185,578
1566,#FA6807,458,253,470,266,302
1567,#F85F02,424,217,436,227,302
1568,#FC3811,447,216,456,226,371
1569,#E1030D,398,183,410,193,371
1570,#F85F02,457,232,466,238,371
1571,#F94F0C,397,154,403,161,302
1572,#F85F02,393,168,399,174,302
1573,#FC7502,431,233,434,238,164
1574,#FA6807,434,208,438,212,233
1575,#F85F02,400,182,404,186,233
1576,#FC7502,443,210,447,213,233
1577,#FC7502,447,205,450,208,233
1578,#F94F0C,406,179,409,182,233
1579,#FC7502,415,183,418,185,233
1580,#C80311,414,197,415,199,164
1581,#C80311,422,217,423,218,164
1582,#EB0815,416,172,417,173,164
1583,#F5DC05,348,97,351,99,157
1584,#048BE7,1120,157,1122,159,171
1585,#F8F8F8,1056,505,1172,605,1611
1586,#F48603,1076,407,1122,523,1179
1587,#7D0F8E,1096,492,1106,510,387
1588,#037CDE,1178,383,1183,386,171
1589,#B2CE09,706,202,716,214,371
1590,#BDCE04,712,190,723,199,371
1591,#95C00B,705,204,707,208,164
1592,#575554,644,116,648,124,371
1593,#060504,703,219,704,220,164
1594,#191819,660,63,666,80,289
1595,#F70511,200,427,417,629,10514
1596,#F7F7F8,612,255,833,465,2648
1597,#ECEEED,610,292,685,407,1544
1598,#F85F02,885,500,929,577,992
1599,#F4B703,756,463,885,599,1820
1600,#F36402,747,523,792,602,1475
1601,#A4E128,430,372,500,557,1199
1602,#A4E128,484,358,604,498,1061
1603,#FCBC03,941,536,992,584,716
1604,#62C107,1023,530,1077,577,1107
1605,#F29502,959,318,1038,505,730
1606,#EC0209,227,601,282,706,2303
1607,#026ED7,580,575,625,624,992
1608,#0499F2,688,536,742,592,3338
1609,#929292,784,555,864,639,1889
1610,#F3E339,965,316,1039,471,1286
1611,#F4CF64,838,331,925,466,992
1612,#2EA702,553,516,584,626,1475
1613,#7EC825,510,352,540,474,2648
1614,#F20324,393,466,419,613,1337
1615,#F4B703,919,386,934,555,992
1616,#F89B08,880,487,929,587,716
1617,#84D723,494,520,538,640,1268
1618,#F3C34E,744,422,777,567,647
1619,#F35E0A,206,629,238,742,785
1620,#F36A4B,276,418,327,538,716
1621,#F0C610,991,336,1052,530,741
1622,#F24835,322,442,372,534,992
1623,#FA272F,266,602,314,688,1061
1624,#F5754F,374,371,432,446,785
1625,#84D723,418,553,438,656,440
1626,#45B204,576,394,598,518,578
1627,#F4CF64,769,349,824,428,785
1628,#45B204,446,571,481,647,923
1629,#FBB005,816,352,840,460,578
1630,#929292,474,571,511,684,785
1631,#01AFF3,685,555,734,611,992
1632,#929292,884,599,982,625,923
1633,#F51B2B,345,609,402,668,716
1634,#F5754F,195,425,222,541,992
1635,#C6E406,1054,330,1083,426,675
1636,#929292,509,665,561,693,440
1637,#64D1F3,653,348,726,382,440
1638,#028F8E,516,639,580,668,578
1639,#45B204,481,397,500,498,578
1640,#EC0209,327,596,351,665,923
1641,#929292,676,633,723,662,440
1642,#1D9101,1038,424,1092,498,1251
1643,#F78C64,192,389,252,430,647
1644,#F24835,251,429,276,518,716
1645,#985DC5,303,660,339,722,854
1646,#016AD1,625,544,692,573,716
1647,#4F179F,247,697,306,733,578
1648,#17B3F0,722,425,735,513,647
1649,#F48603,946,555,996,591,440
1650,#0282E2,617,566,639,622,716
1651,#1D9101,1026,546,1077,583,531
1652,#4AC7F3,632,377,660,442,440
1653,#036043,685,609,746,636,302
1654,#B2CE09,1039,420,1064,496,603
1655,#CE0210,314,553,335,603,923
1656,#1D9101,479,523,534,545,440
1657,#C1E735,517,312,552,360,716
1658,#EDEEE6,514,398,528,472,1268
1659,#F4E24F,942,529,991,566,578
1660,#4AC7F3,590,486,621,565,578
1661,#C6E406,1078,370,1110,453,819
1662,#F00D15,414,395,429,467,647
1663,#03A6EC,719,366,728,433,509
1664,#0854AF,417,659,477,680,440
1665,#929292,641,595,671,645,647
1666,#F29502,917,332,927,399,509
1667,#F48603,199,586,215,633,716
1668,#B2CE09,1105,317,1131,374,675
1669,#ECEEED,970,576,1029,612,734
1670,#9AD4F1,621,283,656,337,785
1671,#7FDCF7,615,439,640,491,509
1672,#A39AAA,339,676,402,713,440
1673,#2EA702,462,539,485,576,578
1674,#F29502,192,553,208,591,509
1675,#A4E128,1022,522,1059,562,675
1676,#45B204,519,618,555,639,440
1677,#03A6EC,585,616,623,630,440
1678,#8BD203,588,359,606,419,578
1679,#17B3F0,668,310,693,342,302
1680,#C6E406,1093,312,1135,331,459
1681,#8BD203,491,368,504,421,578
1682,#04122E,587,641,625,656,440
1683,#F36A4B,245,392,259,434,509
1684,#2EA702,417,639,448,659,371
1685,#03A6EC,694,311,714,335,578
1686,#A39AAA,615,364,625,415,440
1687,#3DBFF8,584,547,602,588,785
1688,#EFD51F,956,461,970,506,509
1689,#03A6EC,727,508,738,546,509
1690,#1E1E1D,889,586,929,604,578
1691,#F36A4B,367,444,379,478,440
1692,#F9451C,419,374,432,416,371
1693,#441390,359,668,385,686,302
1694,#AACA04,1052,525,1077,544,459
1695,#107BD8,241,727,287,751,440
1696,#3DBFF8,654,285,673,315,302
1697,#FCC203,883,453,891,497,923
1698,#929292,609,414,618,461,578
1699,#A4E128,541,310,554,350,647
1700,#F8F8F8,1028,599,1057,608,459
1701,#EFD51F,1075,323,1098,335,387
1702,#441390,878,598,909,612,440
1703,#1C1263,753,613,787,625,440
1704,#24B8F9,718,349,728,386,509
1705,#04122E,649,577,671,590,371
1706,#FA272F,271,516,281,543,371
1707,#4BB10F,538,334,549,365,371
1708,#4F179F,345,680,362,694,371
1709,#F49619,453,355,470,370,371
1710,#1D9101,633,590,649,637,302
1711,#441390,752,616,787,627,440
1712,#04122E,387,655,404,669,371
1713,#04122E,496,554,513,565,509
1714,#FAD004,987,540,996,557,302
1715,#575554,1024,308,1047,321,531
1716,#5394C7,285,719,304,730,302
1717,#01AFF3,582,585,589,606,302
1718,#C5C4C3,943,516,955,533,440
1719,#1C1263,380,664,396,672,302
1720,#575554,185,415,199,429,440
1721,#107BD8,1052,319,1057,335,243
1722,#0192F0,731,549,738,560,371
1723,#9AD4F1,818,332,835,341,371
1724,#0C509F,579,622,588,633,440
1725,#EAEA9A,522,433,527,458,647
1726,#0192F0,685,554,690,566,302
1727,#6D778B,872,336,882,352,440
1728,#575554,976,324,985,337,233
1729,#EAEA9A,371,358,375,369,440
1730,#575554,921,317,934,329,302
1731,#6D778B,772,358,779,371,371
1732,#4BB10F,534,373,538,386,164
1733,#C5C4C3,901,608,914,615,233
1734,#1E1E1D,510,313,513,327,233
1735,#575554,779,355,790,360,233
1736,#575554,882,333,891,337,233
1737,#1E1E1D,929,325,933,335,233
1738,#F5754F,372,447,377,455,233
1739,#575554,826,347,830,356,164
1740,#C5C4C3,943,471,945,479,164
1741,#575554,870,352,874,359,233
1742,#C5C4C3,942,427,943,433,164
1743,#C5C4C3,941,386,942,391,164
1744,#1C1263,748,626,752,629,233
1745,#575554,776,360,780,364,233
1746,#C5C4C3,940,350,941,355,164
1747,#F89B08,882,467,884,476,233
1748,#1E1E1D,557,310,560,314,164
1749,#4BB10F,534,388,536,392,164
1750,#ECEEED,1056,601,1058,605,315
1751,#F1F1F0,375,360,378,363,233
1752,#C5C4C3,939,322,940,325,164
1753,#7F8693,1154,312,1157,315,315
1754,#F89B08,927,555,929,558,233
1755,#62C107,1022,553,1023,557,171
1756,#4BB10F,538,368,539,370,164
1757,#441390,909,596,912,598,164
1758,#A39AAA,614,417,616,419,164
1759,#C5C4C3,948,476,949,478,164
1760,#C5C4C3,946,491,947,493,164
1761,#1D9101,1093,421,1094,424,171
1762,#7EC825,525,444,526,447,164
1763,#7EC825,526,438,527,440,164
1764,#F7F7F8,613,447,614,449,164
1765,#575554,919,329,921,330,233
1766,#F1F1F0,374,365,375,367,233
1767,#575554,775,367,776,367,164
1768,#4BB10F,549,332,550,334,164
1769,#575554,1048,305,1049,307,243
1770,#575554,869,361,870,361,164
1771,#026ED7,585,629,587,630,233
1772,#7F8693,941,533,943,535,302
1773,#C5C4C3,942,532,944,533,302
1774,#7F8693,940,534,941,535,233
1775,#7F8693,938,537,939,538,95
1776,#FA272F,274,512,275,513,164
1777,#B2CE09,1038,496,1039,497,171
1778,#F89B08,883,479,884,480,164
1779,#45B204,517,639,518,640,164
1780,#2EA702,448,647,449,647,164
1781,#EFD51F,965,458,966,459,233
1782,#575554,1047,307,1048,308,315
1783,#ECEEED,622,327,622,328,233
1784,#ECEEED,621,328,622,329,164
1785,#ECEEED,609,345,610,346,233
1786,#575554,792,355,793,355,95
1787,#575554,199,414,200,415,95
1788,#7EC825,524,452,525,453,164
1789,#F24835,257,426,258,427,164
1790,#4BB10F,534,396,534,397,233
1791,#C6E406,1109,374,1110,374,243
1792,#F1F1F0,381,367,382,367,233
1793,#0670DD,817,288,939,336,1268
1794,#0686E4,901,281,964,318,716
1795,#F72615,981,278,1046,314,879
1796,#0D1012,1030,268,1066,299,603
1797,#0499F2,842,329,867,355,647
1798,#983A73,953,291,968,330,647
1799,#F31632,959,281,976,318,716
1800,#F3C34E,947,327,954,415,509
1801,#3DBFF8,936,285,962,313,854
1802,#8C3D9B,951,325,965,356,509
1803,#DD8A02,1067,277,1079,309,675
1804,#7F8693,951,353,957,399,233
1805,#4AC7F3,946,305,957,324,440
1806,#17B3F0,820,324,842,338,371
1807,#FA6E0D,1014,291,1034,303,387
1808,#107BD8,1061,294,1069,310,531
1809,#C5C4C3,845,355,849,380,233
1810,#0869CB,843,337,847,356,302
1811,#F4CF64,1059,286,1068,301,603
1812,#575554,1059,297,1064,312,387
1813,#0C509F,947,322,951,338,302
1814,#67AE23,947,319,950,323,302
1815,#0C509F,1130,410,1131,411,171
1816,#191819,875,90,895,122,637
1817,#191819,919,56,937,84,619
1818,#191819,937,55,955,84,553
1819,#1E1E1D,894,92,912,112,839
1820,#191819,891,50,915,77,751
1821,#191819,912,91,927,113,707
1822,#191819,955,55,971,75,685
1823,#191819,971,54,986,75,751
1824,#191819,969,84,983,110,895
1825,#1E1E1D,941,90,955,110,972
1826,#191819,927,90,942,111,975
1827,#191819,994,48,1003,73,493
1828,#1E1E1D,911,57,919,76,421
1829,#1E1E1D,992,80,999,100,355
1830,#1E1E1D,1002,80,1009,99,440
1831,#1E1E1D,962,89,969,109,430
1832,#1E1E1D,914,48,921,55,289
1833,#1E1E1D,964,81,971,88,289
1834,#1E1E1D,1000,101,1006,108,314
1835,#1E1E1D,991,101,997,109,302
1836,#B2CE09,869,220,911,283,1061
1837,#AACA04,908,176,934,208,578
1838,#AACA04,898,202,910,220,371
1839,#599716,900,191,902,194,302
1840,#84BB0C,902,214,942,255,1268
1841,#7DBA10,919,219,926,227,164
1842,#B2CE09,909,227,916,233,302
1843,#599716,950,203,967,224,578
1844,#95C00B,948,193,963,211,440
1845,#AACA04,963,179,977,189,440
1846,#84BB0C,938,210,952,225,440
1847,#9DC308,980,165,989,175,302
1848,#9DC308,934,215,941,226,371
1849,#6D778B,974,184,981,191,371
1850,#9DC308,853,150,866,162,440
1851,#9DC308,839,166,853,177,509
1852,#AACA04,816,191,828,203,371
1853,#AACA04,807,203,817,214,302
1854,#599716,833,161,844,167,578
1855,#95C00B,795,196,805,204,164
1856,#599716,845,156,847,160,233
1857,#599716,844,161,845,162,233
1858,#599716,845,160,846,161,302
1859,#BDCE04,1013,165,1014,165,99
1860,#6D778B,837,152,846,163,440
1861,#F10C7E,1180,124,1232,165,603
1862,#F0EAE8,1047,152,1080,167,315
1863,#E0E0E0,1170,113,1192,166,819
1864,#EBE7ED,1043,260,1070,288,963
1865,#E0E0E0,1176,121,1235,167,1035
1866,#F10C7E,1175,116,1190,144,387
1867,#F10C7E,1159,120,1171,151,387
1868,#F10C7E,1185,116,1208,138,387
1869,#E0E0E0,1180,113,1211,143,675
1870,#E0E0E0,1157,118,1172,155,603
1871,#EAEA9A,1011,267,1021,290,387
1872,#1E1E1D,1173,141,1185,163,891
1873,#E0E0E0,1039,115,1056,130,459
1874,#C5C4C3,1201,149,1231,166,315
1875,#A39AAA,1021,196,1027,207,243
1876,#ECEEED,1038,241,1039,242,171
1877,#7BBC0F,879,239,932,280,1268
1878,#67A310,915,218,954,250,1337
1879,#AACA04,915,248,947,271,509
1880,#73AF0D,944,233,975,263,647
1881,#5A9E11,960,234,986,259,647
1882,#BDCE04,972,200,985,213,371
1883,#7BBC0F,931,240,940,250,164
1884,#BDCE04,958,218,968,230,371
1885,#BDCE04,955,231,958,234,233
1886,#BDCE04,955,234,955,234,164
1887,#5A9E11,994,228,1038,271,1171
1888,#66AD15,1019,229,1029,238,315
1889,#9DC308,990,231,995,237,371
1890,#66AD15,1026,226,1030,229,171
1891,#67AE23,983,259,1015,305,727
1892,#F4061B,864,904,1011,948,1347
1893,#0456BC,922,855,1075,918,1655
1894,#6A1FCD,888,946,969,1017,2055
1895,#F9451C,800,953,858,1015,512
1896,#FA7410,745,943,797,1027,1006
1897,#681EC5,875,975,913,1021,807
1898,#F92A1F,845,920,873,960,647
1899,#F83418,840,949,866,990,509
1900,#F89B08,735,984,761,1036,811
1901,#F85718,772,936,812,994,647
1902,#4F179F,883,961,919,1013,937
1903,#F71E15,986,903,1011,946,587
1904,#4F179F,916,950,955,991,923
1905,#4F179F,794,999,825,1028,602
1906,#6A1FCD,783,1001,805,1030,675
1907,#0982DE,1065,877,1098,902,531
1908,#7831C1,1041,909,1066,939,315
1909,#571AAD,766,1013,790,1032,243
1910,#571AAB,874,1003,904,1022,603
1911,#0B0E12,819,1002,842,1024,531
1912,#107BD8,1021,911,1046,926,315
1913,#681EC5,870,1009,881,1023,243
1914,#C5031D,984,900,1008,919,448
1915,#491595,1078,896,1097,908,243
1916,#571AAD,963,958,981,969,302
1917,#571AAD,819,1018,835,1027,531
1918,#0B0E12,833,1024,834,1025,171
1919,#191819,1006,988,1028,1010,1427
1920,#191819,1028,988,1046,1011,396
1921,#191819,1070,965,1087,986,675
1922,#191819,1068,991,1081,1013,1134
1923,#191819,1045,990,1062,1011,685
1924,#1E1E1D,1024,962,1037,984,891
1925,#1E1E1D,1051,964,1066,984,819
1926,#1E1E1D,1083,990,1095,1007,686
1927,#1E1E1D,1062,991,1068,1012,544
1928,#1E1E1D,1017,961,1024,982,531
1929,#1E1E1D,1044,963,1051,984,531
1930,#1E1E1D,1084,1008,1089,1014,253
1931,#681EC5,968,1016,1004,1055,896
1932,#100909,952,1025,961,1049,387
1933,#EFD51F,938,1008,953,1031,1107
1934,#F31632,947,1002,959,1017,387
1935,#028F8E,946,981,958,995,371
1936,#060504,1067,812,1125,901,747
1937,#F24835,1087,881,1119,906,531
1938,#441390,1111,892,1134,911,963
1939,#060504,1126,901,1127,902,171
1940,#060504,1125,900,1126,901,171
1941,#6746B6,1185,933,1185,934,171
1942,#F90E1B,252,239,268,251,371
1943,#F90E1B,246,228,254,239,164
1944,#FC8903,263,254,270,262,302
1945,#B2CE09,701,229,719,253,647
1946,#BDCE04,711,211,729,229,302
1947,#191819,711,237,731,258,854
1948,#B2CE09,729,244,743,255,440
1949,#1E1E1D,711,233,724,247,440
1950,#E8EDF1,1096,759,1110,780,531
1951,#9C1214,1064,807,1073,822,387
1952,#03A6EC,914,845,1070,907,1150
1953,#F50722,995,826,1045,870,883
1954,#F3963C,948,626,1017,719,651
1955,#F3605F,1020,635,1057,765,819
1956,#CE0210,1011,738,1062,799,1467
1957,#E80602,936,708,994,801,854
1958,#EA3810,974,710,1014,829,1006
1959,#F49619,936,711,958,800,509
1960,#985DC5,905,750,927,854,992
1961,#F3605F,995,819,1048,858,599
1962,#F60330,1074,630,1103,694,603
1963,#E80602,925,854,972,881,509
1964,#F8530D,994,626,1018,687,524
1965,#F4B703,1015,646,1034,702,387
1966,#F78C64,1052,629,1104,643,603
1967,#F49619,921,824,959,862,716
1968,#FA6807,972,682,1001,761,1203
1969,#E70618,1057,690,1080,740,675
1970,#EA3810,990,732,1013,822,801
1971,#C29BE1,920,705,934,758,716
1972,#C80311,1001,861,1038,878,459
1973,#F2E9E8,981,794,998,836,509
1974,#F24835,1012,764,1026,796,819
1975,#F31632,1030,843,1050,873,531
1976,#F3C34E,1055,821,1071,853,459
1977,#7831C1,904,854,917,893,716
1978,#EA3810,963,834,974,856,440
1979,#F48603,1048,809,1065,826,387
1980,#FA7410,1009,703,1018,733,747
1981,#F48603,956,826,968,835,371
1982,#F29502,1014,697,1020,713,387
1983,#EA3810,921,854,931,865,371
1984,#FA6807,966,833,969,836,233
1985,#F8530D,994,702,996,705,233
1986,#EA3810,1012,706,1013,710,171
1987,#EA3810,1013,729,1014,732,171
1988,#E80602,994,705,995,708,233
1989,#F8530D,996,699,997,701,164
1990,#F8530D,997,696,997,698,164
1991,#EA3810,921,851,922,852,164
1992,#985DC5,927,820,927,820,233
1993,#F2E9E8,980,826,981,826,233
1994,#F8530D,999,690,999,691,233
1995,#F8530D,999,687,1000,688,235
1996,#F60330,1103,629,1104,630,171
1997,#ECEEED,1094,545,1098,560,315
1998,#0D1012,1009,585,1032,608,459
1999,#F9451C,1062,818,1113,898,891
2000,#E0E0E0,94,550,109,572,365
2001,#E0E0E0,99,524,110,537,301
2002,#C5C4C3,87,536,94,541,355
2003,#1E1E1D,89,600,93,608,289
2004,#575554,75,617,79,619,289
2005,#A39AAA,81,638,83,639,223
2006,#575554,78,616,80,617,289
2007,#575554,71,621,72,622,157
2008,#575554,84,612,84,613,157
2009,#575554,83,613,84,614,223
2010,#575554,81,614,82,615,223
2011,#575554,80,615,81,616,289
2012,#575554,74,619,75,620,289
2013,#575554,73,620,74,621,223
2014,#A39AAA,84,636,85,637,91
2015,#1E1E1D,92,599,92,600,157
2016,#1E1E1D,94,599,95,599,91
2017,#FABE06,155,642,215,691,854
2018,#F48603,146,631,185,669,647
2019,#F89B08,167,677,194,696,440
2020,#F48603,138,672,154,684,302
2021,#F47226,182,624,202,637,440
2022,#F48603,155,616,176,628,302
2023,#F48603,127,659,140,672,371
2024,#9C1214,196,611,205,624,509
2025,#F35E0A,177,613,186,621,164
2026,#F89B08,179,666,189,676,302
2027,#FC8903,177,575,198,594,440
2028,#F71E15,191,568,203,612,578
2029,#FA7410,163,595,177,609,302
2030,#FC7502,191,594,200,612,371
2031,#FA6E0D,179,605,187,613,302
2032,#FD5E13,176,526,187,550,440
2033,#FA6807,177,555,195,570,578
2034,#F2E9E8,170,536,183,569,785
2035,#FC3811,179,548,189,557,302
2036,#EDE3AF,167,522,174,536,302
2037,#EDE3AF,174,520,182,533,371
2038,#FD5E13,177,527,178,531,164
2039,#F47226,175,543,176,544,164
2040,#F71E15,175,565,192,576,509
2041,#F83418,167,573,167,574,95
2042,#F31632,1117,848,1131,865,459
2043,#6746B6,1084,825,1093,837,387
2044,#491595,1110,843,1116,849,315
2045,#983A73,1107,845,1111,849,243
2046,#016AD1,1092,784,1101,793,315
2047,#0456BC,1098,792,1108,800,243
2048,#F9451C,157,508,158,509,164
2049,#F24E08,810,197,856,317,923
2050,#F35E0A,840,278,935,315,440
2051,#F35E0A,746,228,816,274,785
2052,#F24E08,918,265,981,294,578
2053,#F48603,727,264,767,288,785
2054,#95C00B,722,244,752,268,785
2055,#84BB0C,906,254,928,273,440
2056,#BDCE04,750,231,763,255,440
2057,#F71E15,964,268,980,285,233
2058,#1B0C03,711,273,730,289,371
2059,#4A2207,990,300,996,304,233
2060,#7BBC0F,874,246,875,247,164
2061,#B2CE09,826,160,827,161,164
2062,#95C00B,826,161,827,162,302
2063,#6D778B,835,163,836,164,164
2064,#F85F02,336,106,345,116,302
2065,#4A2207,329,93,337,102,159
2066,#4A2207,328,102,329,103,164
2067,#4A2207,327,103,328,104,164
2068,#4A2207,326,104,327,105,164
2069,#4A2207,337,92,338,93,157
2070,#F4E24F,1121,734,1141,749,243
2071,#F94F0C,344,215,359,228,302
2072,#F85F02,374,204,381,213,302
2073,#F85F02,388,208,394,214,302
2074,#FC3811,389,181,395,187,371
2075,#FC3811,386,184,388,187,233
2076,#060504,335,310,426,417,2372
2077,#FC7502,406,301,423,317,371
2078,#FA6807,394,315,409,327,302
2079,#FC7502,379,291,392,305,302
2080,#FA7410,420,316,431,332,647
2081,#FA6807,369,279,381,291,371
2082,#F72615,418,308,429,320,647
2083,#FC7502,388,307,395,316,371
2084,#F31011,427,306,438,314,440
2085,#FA7410,433,319,443,327,302
2086,#F31011,441,322,445,328,302
2087,#F72615,431,309,434,316,164
2088,#F72615,430,319,433,323,302
2089,#F72615,419,322,420,325,164
2090,#F31011,422,309,423,310,233
2091,#F31011,435,301,435,302,164
2092,#F31011,446,310,447,311,164
2093,#F31011,447,313,447,314,164
2094,#F31011,434,296,435,297,233
2095,#E1030D,374,316,380,320,233
2096,#F35E0A,343,305,357,314,233
2097,#FD5E13,321,372,345,400,716
2098,#F00D15,311,356,334,379,647
2099,#F85718,317,360,327,372,233
2100,#F31011,419,222,422,226,164
2101,#0277E2,927,1025,945,1038,963
2102,#0273DA,944,1031,945,1032,171
2103,#E0E0E0,324,682,327,685,233
2104,#4AC7F3,277,915,278,916,233
2105,#EAEA9A,320,886,324,906,371
2106,#0C509F,203,636,225,718,647
2107,#6D778B,223,718,228,731,302
2108,#0390E5,446,1055,655,1138,4347
2109,#0293E8,534,1124,658,1154,2043
2110,#037CDE,411,1133,495,1171,1539
2111,#0982DE,639,1045,714,1084,1395
2112,#F5F4F4,577,1088,620,1125,1755
2113,#F1F1F0,486,1102,515,1136,1107
2114,#F1F1F0,622,1084,651,1121,963
2115,#F1F1F0,679,1077,709,1114,819
2116,#F1F1F0,652,1075,679,1115,1251
2117,#F1F1F0,531,1089,558,1131,1179
2118,#ECEEED,518,1086,531,1133,459
2119,#ECEEED,560,1093,574,1127,459
2120,#01A2F4,499,1076,522,1098,819
2121,#F1F1F0,559,1080,572,1093,315
2122,#01AFF3,486,1091,507,1101,531
2123,#0C509F,532,1087,535,1095,243
2124,#0282E2,534,1125,536,1129,243
2125,#0390E5,497,1100,498,1101,171
2126,#F5F4F4,682,1124,715,1172,747
2127,#F5F4F4,563,1138,593,1186,1179
2128,#F1F1F0,652,1140,680,1175,1035
2129,#F1F1F0,596,1147,624,1181,1035
2130,#ECEEED,716,1133,747,1168,747
2131,#F0EAE8,747,1130,775,1165,1323
2132,#F1F1F0,531,1152,561,1189,819
2133,#ECEEED,628,1143,650,1177,819
2134,#F3E339,556,1040,727,1066,1539
2135,#EFD51F,738,1032,804,1043,603
2136,#F3E339,788,1036,804,1038,171
2137,#5394C7,835,1041,838,1044,243
2138,#0277E2,858,1048,862,1052,243
2139,#F1F1F0,858,1118,903,1157,1611
2140,#F1F1F0,792,1126,824,1176,747
2141,#F1F1F0,827,1124,855,1158,1035
2142,#F1F1F0,906,1115,935,1152,819
2143,#F5DC05,808,1062,840,1101,1107
2144,#EFD504,789,1067,803,1103,387
2145,#EFD504,789,1052,802,1066,387
2146,#F5DC05,727,1053,768,1108,1395
2147,#F5DC05,863,1044,890,1096,747
2148,#EAEA9A,914,1019,946,1027,1179
2149,#EAEA9A,878,1021,906,1027,315
2150,#F4E24F,921,1021,931,1026,243
2151,#F4E24F,906,1022,912,1027,243
2152,#F4CF64,931,1036,931,1036,171
2153,#F5F4F4,364,1172,396,1218,675
2154,#F1F1F0,482,1159,515,1205,963
2155,#F3F3F1,397,1167,427,1204,1107
2156,#F3F3F1,453,1154,481,1197,1251
2157,#F5F4F4,429,1165,453,1200,819
2158,#0265C1,480,1178,488,1193,531
2159,#0282E2,482,1156,488,1159,171
2160,#037CDE,498,1161,499,1162,243
2161,#F5F4F4,407,1099,436,1145,1251
2162,#ECEEED,371,1103,404,1148,819
2163,#F1F1F0,438,1108,469,1142,819
2164,#01AFF3,445,1093,459,1105,387
2165,#037CDE,415,1152,418,1154,171
2166,#037ADE,360,1062,375,1083,675
2167,#04BBF8,363,1068,384,1082,459
2168,#EDE3AF,426,1068,481,1077,747
2169,#0273DA,379,1067,390,1081,387
2170,#EFD51F,326,1087,327,1094,171
2171,#24B8F9,429,1081,455,1107,1035
2172,#03A6EC,432,1080,460,1091,675
2173,#17B3F0,460,1074,481,1090,531
2174,#0390E5,454,1078,470,1089,459
2175,#F4E24F,468,1073,475,1077,459
2176,#0686E4,249,968,266,982,440
2177,#0499F2,240,986,248,993,302
2178,#0372D4,268,993,269,994,233
2179,#F83418,277,270,279,272,164
2180,#F5F4F4,302,394,304,396,164
2181,#F8530D,358,329,424,391,785
2182,#F71E15,324,382,346,404,578
2183,#8C3D9B,343,414,355,430,440
2184,#575554,352,389,359,415,233
2185,#CA031C,340,412,347,426,233
2186,#7FDCF7,346,428,353,440,233
2187,#575554,354,415,355,416,233
2188,#D8031F,263,265,264,266,164
2189,#D8031F,253,269,254,270,233
2190,#0C0E09,459,360,494,382,440
2191,#E0E0E0,573,317,579,347,509
2192,#EDE3AF,458,373,486,383,371
2193,#F89B08,566,297,574,308,302
2194,#F48603,671,264,677,274,233
2195,#F89B08,701,279,741,315,578
2196,#95C00B,694,240,706,257,302
2197,#95C00B,705,249,712,258,233
2198,#191819,717,259,718,259,164
2199,#B2CE09,584,150,601,178,440
2200,#91C013,595,169,608,180,233
2201,#17B3F0,623,116,647,126,371
2202,#F7F7F8,620,81,646,107,426
2203,#060504,392,748,433,808,647
2204,#FC8903,347,880,389,916,2027
2205,#FAD004,348,711,396,746,1820
2206,#FC8903,375,870,405,947,2372
2207,#F8D403,427,698,475,743,4028
2208,#F8D403,395,701,435,734,2372
2209,#F24E08,394,858,446,884,716
2210,#F36402,389,738,437,765,854
2211,#FAD004,418,699,480,750,3752
2212,#F29502,387,753,396,804,440
2213,#F4E24F,394,775,431,814,509
2214,#FC8F03,468,868,486,891,509
2215,#FAD004,434,876,449,903,371
2216,#F48603,372,863,385,877,302
2217,#F3E339,428,755,440,777,371
2218,#FC8903,354,862,365,875,302
2219,#FC8F03,374,844,385,856,302
2220,#FC8903,396,852,407,861,302
2221,#FC8903,491,864,499,872,302
2222,#F48603,449,853,457,861,302
2223,#FAD004,460,701,471,710,509
2224,#FC8F03,470,853,478,861,302
2225,#FC8F03,374,831,381,837,302
2226,#FAD004,433,741,442,749,233
2227,#FC8903,345,844,352,851,302
2228,#F48603,464,866,470,874,233
2229,#FC8903,346,865,351,873,233
2230,#FC8903,399,843,405,849,302
2231,#FC8903,484,854,490,861,302
2232,#FC9103,355,831,361,838,302
2233,#FAD004,465,722,472,727,371
2234,#FC8F03,438,852,443,858,233
2235,#FAD004,465,729,469,734,371
2236,#FC8F03,356,851,361,856,233
2237,#F48603,357,843,361,848,233
2238,#FAD004,419,711,423,716,440
2239,#F29502,395,804,396,808,233
2240,#F4E24F,394,815,394,816,95
2241,#F3E339,430,778,431,779,164
2242,#FAD004,357,743,357,743,233
2243,#04BBF8,831,651,887,709,2648
2244,#04BBF8,720,662,775,745,4235
2245,#018AEE,840,829,881,868,1199
2246,#01A2F4,737,836,748,866,785
2247,#01A2F4,717,827,733,853,785
2248,#64D1F3,705,768,713,793,509
2249,#048BE7,867,817,876,833,716
2250,#0190EB,704,836,716,848,371
2251,#0288EC,847,815,856,825,302
2252,#0288EC,706,825,714,833,371
2253,#018AEE,782,775,792,787,371
2254,#0192F0,858,820,868,830,371
2255,#0183EB,708,811,715,821,233
2256,#018AE8,848,797,857,806,302
2257,#0288EC,843,827,851,834,302
2258,#0288EC,735,800,743,808,302
2259,#018AEE,719,809,728,820,233
2260,#0288EC,862,808,871,816,302
2261,#04BBF8,880,689,886,693,233
2262,#04BBF8,719,726,724,731,233
2263,#04BBF8,723,724,727,727,302
2264,#77D8F4,710,774,713,778,164
2265,#04BBF8,755,743,757,745,233
2266,#64D1F3,709,796,710,797,233
2267,#1C1263,905,646,924,838,1199
2268,#100909,928,594,1009,621,858
2269,#571AAD,917,688,931,726,716
2270,#681EC5,919,661,934,691,509
2271,#441390,670,656,682,722,440
2272,#F47226,963,589,1021,620,523
2273,#7831C1,921,651,937,673,371
2274,#491595,916,629,926,652,440
2275,#191819,841,592,854,621,302
2276,#ECEEED,904,785,907,822,578
2277,#6746B6,789,642,797,668,302
2278,#F24835,935,612,952,623,164
2279,#6746B6,680,722,684,738,302
2280,#C29BE1,682,736,685,749,233
2281,#985DC5,796,668,799,676,302
2282,#C5C4C3,798,675,801,682,233
2283,#575554,852,588,855,593,302
2284,#571AAD,930,683,932,687,164
2285,#191819,842,621,843,623,164
2286,#ECEEED,904,866,905,867,164
2287,#D5031A,628,847,683,914,1475
2288,#D5031A,503,868,580,947,2303
2289,#F60330,614,769,668,832,2510
2290,#F60330,534,781,585,830,1199
2291,#F77E3A,567,801,627,855,923
2292,#F51524,564,800,586,857,647
2293,#D5031A,600,856,612,870,302
2294,#FA6807,350,938,376,1003,1754
2295,#F85F02,380,955,401,989,992
2296,#F3E339,396,898,438,936,509
2297,#F85F02,366,967,383,994,785
2298,#F85F02,397,948,406,967,578
2299,#F85F02,417,950,427,968,578
2300,#F85F02,372,955,384,967,440
2301,#FCBC03,348,902,359,916,716
2302,#F85F02,398,968,410,980,302
2303,#FA6807,349,939,358,949,440
2304,#FC8903,365,927,375,938,578
2305,#FA6807,348,915,355,925,440
2306,#F85F02,442,938,450,947,302
2307,#F85F02,412,963,419,973,509
2308,#F36402,348,931,356,937,371
2309,#FDB402,361,913,369,921,302
2310,#F85F02,407,956,414,963,302
2311,#F85F02,412,944,419,950,302
2312,#F85F02,429,937,436,947,440
2313,#FDB402,369,899,379,906,371
2314,#FA6807,378,947,386,954,302
2315,#F85F02,373,941,380,948,302
2316,#F85F02,373,930,379,937,440
2317,#FC8903,367,916,374,921,233
2318,#FA6807,388,950,397,956,371
2319,#F85F02,429,950,435,955,302
2320,#F85F02,373,919,378,925,302
2321,#F85F02,389,942,395,947,233
2322,#FC8903,406,938,412,944,233
2323,#FCC203,492,891,497,898,371
2324,#FC8903,372,936,377,942,302
2325,#FC8903,401,944,405,948,302
2326,#FC8903,366,924,369,927,233
2327,#F85F02,396,956,398,958,233
2328,#1C1263,509,701,525,763,440
2329,#6746B6,505,697,510,702,302
2330,#6746B6,502,693,503,694,164
2331,#6746B6,504,696,506,697,302
2332,#6746B6,504,695,505,696,302
2333,#6746B6,503,694,504,695,302
2334,#F8F8F8,687,879,853,1017,2382
2335,#DD8A02,678,959,687,971,371
2336,#FC9103,520,999,566,1037,886
2337,#7F8693,531,931,585,1000,854
2338,#FA7410,561,989,585,1015,446
2339,#6D778B,581,921,599,933,371
2340,#7F8693,595,917,608,928,302
2341,#F85718,579,990,580,990,233
2342,#01AFF3,703,840,718,852,440
2343,#01A2F4,714,865,728,876,371
2344,#01A2F4,716,852,729,862,440
2345,#01A2F4,702,856,714,865,440
2346,#01A2F4,732,859,737,864,302
2347,#01AFF3,732,833,735,837,302
2348,#01A2F4,719,863,721,865,233
2349,#01A2F4,724,863,726,865,233
2350,#01AFF3,738,850,738,851,164
2351,#01A2F4,715,875,716,876,233
2352,#01AFF3,812,794,813,795,233
2353,#01AFF3,813,795,813,795,233
2354,#01AFF3,794,800,794,800,233
2355,#01AFF3,802,795,802,795,164
2356,#01AFF3,801,794,802,795,302
2357,#FAD004,444,698,451,704,233
2358,#FCC203,458,700,463,705,371
2359,#FAD004,420,702,425,705,233
2360,#F8D403,430,700,434,703,164
2361,#01AFF3,719,723,724,728,302
2362,#5318A7,648,1026,670,1046,387
2363,#441390,636,1026,644,1033,315
2364,#0C509F,628,1036,635,1041,243
2365,#4F179F,467,1053,482,1068,459
2366,#CD1560,453,1062,467,1072,459
2367,#F80A4F,562,671,648,763,4373
2368,#F80542,607,703,664,797,3545
2369,#F80542,641,695,647,700,302
2370,#F80542,639,685,646,692,233
2371,#681EC5,601,1030,611,1043,315
2372,#EAEA9A,580,1051,612,1058,819
2373,#7831C1,596,1045,605,1054,459
2374,#EDE3AF,603,1052,609,1054,243
2375,#EDE3AF,594,1053,599,1055,243
2376,#571AAB,909,1007,922,1020,459
2377,#6F20D0,660,1029,670,1043,315
2378,#571AAD,796,1027,802,1029,171
2379,#6746B6,817,913,857,937,509
2380,#A39AAA,779,871,813,925,854
2381,#7F8693,681,955,699,966,302
2382,#6D778B,753,929,761,943,371
2383,#1C1263,641,1012,647,1018,243
2384,#1C1263,656,1022,660,1026,243
2385,#F80542,544,708,613,797,4373
2386,#F2E9E8,568,685,601,699,302
2387,#F80A4F,558,728,569,744,716
2388,#F80542,563,718,569,724,164
2389,#0499F2,841,840,848,849,371
2390,#F2E9E8,601,684,603,685,164
2391,#F92A1F,478,999,520,1020,529
2392,#FABE06,459,1001,475,1013,603
2393,#F00D15,472,1009,473,1011,243
2394,#F00D15,469,1010,471,1011,171
2395,#681EC5,672,1023,673,1025,315
2396,#060504,453,1016,454,1017,171
2397,#FC8F03,382,987,384,990,233
2398,#FC8F03,369,992,371,994,233
2399,#01AFF3,880,670,887,678,371
2400,#01AFF3,881,679,886,684,302
2401,#F4E24F,474,1061,559,1077,891
2402,#F3E339,470,1073,475,1077,243
2403,#F94F0C,515,992,536,1007,380
2404,#C5031D,854,901,904,923,509
2405,#0C509F,890,880,928,909,1061
2406,#EAEA9A,573,1057,577,1059,171
2407,#ECEEED,64,432,77,448,355
2408,#C5C4C3,49,408,53,415,355
2409,#A39AAA,1089,509,1100,529,387
2410,#F49619,1085,502,1094,524,531
2411,#ECEEED,1095,535,1097,537,243
2412,#985DC5,1096,537,1097,538,315
2413,#F4CF64,1087,512,1090,518,171
2414,#F90B11,203,402,261,506,1544
2415,#CE0210,240,590,308,677,4373
2416,#CE0210,333,574,398,640,3062
2417,#F90B11,382,382,424,460,1751
2418,#C80311,267,586,283,605,371
2419,#C80311,245,582,262,600,302
2420,#C80311,382,560,399,578,371
2421,#C80311,291,569,308,585,302
2422,#C80311,270,567,285,583,371
2423,#C80311,360,558,376,574,302
2424,#C80311,246,564,262,579,302
2425,#CE0210,340,557,354,570,302
2426,#C80311,226,561,241,575,440
2427,#C80311,294,549,308,564,302
2428,#C80311,383,541,397,556,302
2429,#C80311,250,544,263,557,302
2430,#C80311,273,547,285,560,302
2431,#C80311,228,540,240,553,371
2432,#CE0210,230,582,240,596,371
2433,#C80311,364,541,374,551,302
2434,#C80311,319,534,331,546,302
2435,#C80311,341,537,352,548,302
2436,#C80311,298,530,307,540,302
2437,#F90B11,383,493,396,503,302
2438,#C80311,385,523,395,534,302
2439,#F90B11,398,461,410,471,302
2440,#C80311,366,523,374,531,302
2441,#C80311,252,526,261,534,302
2442,#C80311,249,500,256,507,371
2443,#BE0219,234,600,240,611,233
2444,#F24835,220,541,225,560,302
2445,#C80311,321,501,329,508,302
2446,#C80311,323,519,330,527,302
2447,#C80311,389,506,395,513,302
2448,#C80311,225,524,232,531,302
2449,#F24835,314,438,320,448,302
2450,#F92A1F,224,560,230,580,371
2451,#F90B11,370,487,377,493,371
2452,#C80311,387,489,394,496,233
2453,#C80311,344,521,351,529,302
2454,#F90B11,394,497,401,504,302
2455,#C80311,301,501,308,507,302
2456,#C80311,301,514,306,521,233
2457,#C80311,369,507,376,513,233
2458,#C80311,225,512,230,518,302
2459,#F90B11,413,461,420,467,233
2460,#C80311,281,531,287,537,164
2461,#F90B11,386,480,391,487,302
2462,#C80311,220,489,225,495,302
2463,#C80311,343,504,348,509,233
2464,#C80311,396,567,401,574,164
2465,#C80311,401,528,405,532,233
2466,#F90B11,403,508,406,510,233
2467,#F90B11,384,437,386,439,233
2468,#F90B11,236,509,238,511,233
2469,#F90B11,212,483,213,485,164
2470,#F24835,221,537,221,538,164
2471,#067FE4,779,221,841,280,578
2472,#0456BC,820,221,841,294,578
2473,#0499F2,705,287,755,329,578
2474,#0288EC,743,261,786,302,371
2475,#0869CB,819,280,838,315,578
2476,#E0E0E0,746,324,750,375,509
2477,#FC9103,752,427,925,552,5270
2478,#F85F02,817,484,869,563,992
2479,#F85F02,813,487,821,495,302
2480,#F89B08,880,456,887,465,233
2481,#FC8F03,754,557,762,564,371
2482,#FC9103,781,537,784,541,371
2483,#5DC310,434,415,588,587,5201
2484,#63C613,444,380,496,496,1820
2485,#5DC310,445,457,464,492,509
2486,#5DC310,449,440,459,454,302
2487,#63C613,550,369,596,439,1199
2488,#EDEEE6,953,542,965,553,233
2489,#EDEEE6,1033,534,1044,544,243
2490,#A4E128,1058,529,1060,531,243
2491,#A4E128,1029,562,1029,562,243
2492,#FEE704,965,327,1029,497,792
2493,#E1030D,248,663,295,693,1268
2494,#E1030D,256,649,279,669,1406
2495,#CE0210,247,667,258,679,440
2496,#E1030D,246,651,254,663,647
2497,#E1030D,252,664,259,669,302
2498,#CE0210,246,661,251,666,164
2499,#E1030D,248,669,251,673,164
2500,#0192F0,588,483,733,600,4511
2501,#0370D8,693,561,715,599,923
2502,#0370D8,723,563,739,586,578
2503,#026CD5,700,544,714,556,371
2504,#0274DD,712,579,723,590,440
2505,#0277E2,725,546,734,557,302
2506,#0192F0,709,550,715,556,233
2507,#0192F0,692,564,696,571,164
2508,#0192F0,719,549,723,553,233
2509,#575554,855,587,855,587,95
2510,#FC8903,853,341,923,454,2441
2511,#27A503,525,559,572,628,1682
2512,#45B204,576,528,578,530,233
2513,#63C613,523,321,546,364,440
2514,#A4E128,521,407,530,436,302
2515,#EAEA9A,527,399,531,419,302
2516,#EAEA9A,521,376,524,398,302
2517,#EAEA9A,526,427,527,430,164
2518,#EAEA9A,527,421,528,423,164
2519,#EAEA9A,521,400,521,401,164
2520,#FC8903,922,450,923,452,233
2521,#2EA702,534,543,539,552,164
2522,#FC8903,774,360,830,445,1682
2523,#F36402,753,534,764,546,371
2524,#6746B6,201,628,208,637,578
2525,#E1030D,288,653,297,657,371
2526,#E1030D,293,659,296,661,233
2527,#27A503,426,564,474,646,1061
2528,#FC9103,775,423,779,426,302
2529,#F3C34E,775,422,776,424,233
2530,#0499F2,712,588,714,590,233
2531,#ECEEED,982,610,983,611,371
2532,#E1030D,345,615,380,654,2096
2533,#7DCD02,1070,339,1115,394,531
2534,#6CC702,1059,387,1098,438,531
2535,#8BD203,1078,324,1121,357,675
2536,#0183EB,629,359,723,475,1613
2537,#A4E128,485,497,486,498,164
2538,#CE0210,342,626,344,628,233
2539,#5BC002,1046,431,1085,489,891
2540,#C6E406,1078,453,1079,456,171
2541,#C6E406,1078,456,1078,457,171
2542,#0288EC,683,435,727,504,1406
2543,#018AEE,604,467,661,541,1475
2544,#441390,200,622,207,630,302
2545,#F35E0A,207,629,208,631,164
2546,#929292,982,609,983,610,164
2547,#AACA04,1049,526,1049,527,99
2548,#0274DD,590,577,601,590,371
2549,#0277E2,594,563,601,571,233
2550,#026ED7,724,529,730,537,302
2551,#983A73,961,285,962,290,233
2552,#7EC825,996,282,1016,299,311
2553,#F49619,1045,276,1051,282,243
2554,#0D92EC,1049,267,1064,274,243
2555,#F4CF64,949,321,954,332,440
2556,#4AC7F3,957,301,958,304,164
2557,#59C3C5,1064,289,1069,296,459
2558,#F4CF64,1068,290,1069,292,171
2559,#575554,1063,294,1064,297,243
2560,#E0E0E0,882,97,887,106,365
2561,#E0E0E0,926,62,932,71,289
2562,#E0E0E0,943,60,951,71,289
2563,#C5C4C3,917,96,923,100,224
2564,#C5C4C3,961,60,967,64,289
2565,#C5C4C3,977,59,981,63,157
2566,#B2CE09,913,232,918,238,302
2567,#67A310,916,248,922,254,233
2568,#7DBA10,948,218,953,227,302
2569,#1B0C03,1199,141,1213,153,531
2570,#BE0219,916,907,968,928,302
2571,#0869CB,969,900,989,920,578
2572,#0C509F,957,895,985,916,371
2573,#026CD5,904,892,912,905,302
2574,#C5031D,904,904,905,905,233
2575,#0D92EC,1072,862,1084,881,315
2576,#983A73,1071,875,1089,887,459
2577,#571AAB,913,987,946,1019,880
2578,#0B0E12,902,976,935,1020,949
2579,#F31632,930,971,945,985,371
2580,#6746B6,924,979,931,985,440
2581,#983A73,917,967,922,972,233
2582,#FC8F03,756,976,773,1005,375
2583,#C5031D,988,910,988,911,164
2584,#EBE7ED,1033,993,1041,1007,468
2585,#C5C4C3,1078,972,1081,977,171
2586,#EDE3AF,934,1016,948,1023,675
2587,#EAEA9A,941,1013,942,1015,171
2588,#EAEA9A,939,1016,940,1017,243
2589,#EAEA9A,940,1015,941,1016,171
2590,#EAEA9A,948,1019,949,1020,171
2591,#6F25D0,713,237,728,253,371
2592,#0C0E09,740,253,741,254,164
2593,#0C0E09,741,252,742,253,164
2594,#F2E9E8,1005,832,1018,844,315
2595,#C80311,1036,859,1037,861,171
2596,#FA2603,944,635,1007,792,995
2597,#FA272F,1028,637,1093,767,2475
2598,#F81921,1025,758,1041,775,675
2599,#F81921,1027,751,1034,759,459
2600,#F81921,1031,735,1040,744,171
2601,#F90E1B,1026,759,1030,765,315
2602,#F90E1B,1024,764,1047,790,1323
2603,#F81921,1021,769,1035,789,1035
2604,#F81921,1043,753,1048,763,387
2605,#F90E1B,1019,781,1025,790,315
2606,#F90E1B,1026,784,1031,788,315
2607,#F81921,1047,761,1049,763,243
2608,#F81921,1046,767,1047,768,171
2609,#FA6807,974,762,974,763,233
2610,#F5754F,999,732,1010,775,385
2611,#EDE3AF,994,783,998,795,302
2612,#F78C64,998,775,1000,783,304
2613,#4F179F,914,713,927,776,578
2614,#441390,910,772,919,822,371
2615,#FA6807,928,831,968,873,785
2616,#F2E9E8,932,834,944,847,233
2617,#CE0210,1059,733,1061,735,171
2618,#F5F4F4,928,710,931,713,164
2619,#F90E1B,1021,778,1028,784,459
2620,#F90E1B,1022,771,1027,776,243
2621,#F81921,1021,781,1024,783,243
2622,#F49619,928,861,929,862,164
2623,#F9F7F5,162,631,214,682,440
2624,#F83418,190,570,193,576,302
2625,#067FE4,840,220,841,222,164
2626,#0273DA,933,1032,933,1033,171
2627,#01AFF3,481,1074,499,1092,603
2628,#03A6EC,600,1059,614,1074,387
2629,#9AD4F1,458,1088,461,1092,315
2630,#01AFF3,494,1087,498,1091,171
2631,#107BD8,676,1056,686,1063,315
2632,#107BD8,689,1048,699,1052,171
2633,#107BD8,690,1053,693,1056,243
2634,#107BD8,682,1050,684,1051,171
2635,#1E1E1D,633,1103,641,1111,387
2636,#1E1E1D,690,1087,699,1094,315
2637,#191819,692,1147,703,1161,315
2638,#1E1E1D,661,1159,670,1166,315
2639,#1E1E1D,606,1164,614,1173,315
2640,#1E1E1D,728,1142,736,1149,315
2641,#191819,805,1136,814,1149,387
2642,#1E1E1D,837,1142,845,1150,315
2643,#1E1E1D,917,1126,926,1133,387
2644,#4F179F,913,1011,926,1021,459
2645,#EDE3AF,919,1020,928,1022,243
2646,#EDE3AF,930,1020,932,1021,171
2647,#EFD51F,942,1024,943,1024,99
2648,#0D1114,374,1183,384,1195,387
2649,#1E1E1D,407,1187,415,1195,315
2650,#1E1E1D,449,1116,457,1123,315
2651,#9AD4F1,633,118,639,122,302
2652,#929292,410,772,420,780,233
2653,#E0E0E0,410,778,416,784,233
2654,#060504,399,869,442,926,647
2655,#FBB005,394,896,403,937,509
2656,#FCC203,441,724,454,741,716
2657,#FCC203,454,723,464,738,578
2658,#FCC203,430,727,439,738,440
2659,#FCC203,457,707,463,717,440
2660,#FAD004,450,702,458,711,440
2661,#FAD004,444,707,450,717,440
2662,#FAD004,436,725,443,731,371
2663,#FCC203,422,726,429,734,233
2664,#FAD004,451,716,456,723,440
2665,#FAD004,446,719,450,724,302
2666,#FCC203,460,725,465,729,302
2667,#FAD004,439,702,443,707,233
2668,#FAD004,439,709,443,713,233
2669,#FAD004,440,715,443,719,233
2670,#FAD004,445,729,449,733,233
2671,#FCC203,458,720,461,723,302
2672,#FAD004,453,713,455,715,233
2673,#FAD004,431,731,434,733,164
2674,#FCC203,412,708,419,715,302
2675,#FCC203,422,710,426,714,233
2676,#FAD004,426,715,429,719,233
2677,#FAD004,428,710,431,714,233
2678,#FCC203,424,721,426,724,164
2679,#FAD004,420,707,422,709,233
2680,#FCC203,432,737,441,743,302
2681,#FCC203,424,734,430,740,302
2682,#01AFF3,836,687,843,694,371
2683,#01AFF3,866,694,872,700,233
2684,#01AFF3,873,676,879,682,233
2685,#01AFF3,871,687,876,692,233
2686,#01AFF3,843,682,848,686,233
2687,#01AFF3,835,683,839,687,371
2688,#01AFF3,837,676,840,679,233
2689,#01AFF3,727,690,746,713,1268
2690,#01AFF3,759,704,766,710,233
2691,#01AFF3,726,707,734,714,302
2692,#01AFF3,752,703,757,709,233
2693,#01AFF3,749,707,755,712,302
2694,#01AFF3,732,712,738,717,233
2695,#01AFF3,758,700,762,704,233
2696,#0499F2,842,853,852,862,302
2697,#F5F4F4,904,802,907,818,164
2698,#EF0320,645,868,647,871,233
2699,#EF0320,533,900,535,903,233
2700,#F36A4B,605,757,620,803,647
2701,#EF0320,648,804,650,807,233
2702,#EF0320,652,806,654,808,233
2703,#EF0320,622,810,623,814,164
2704,#EF0320,627,814,629,816,233
2705,#F80542,640,800,642,802,233
2706,#EF0320,621,807,622,809,164
2707,#FA272F,575,733,609,817,1061
2708,#EF0320,540,814,548,820,233
2709,#EF0320,554,822,557,825,233
2710,#060504,574,743,618,846,716
2711,#FC8F03,362,953,369,962,302
2712,#FC8F03,356,957,362,964,302
2713,#FC8F03,392,976,392,976,164
2714,#FC8F03,418,965,419,966,164
2715,#F24835,605,734,612,760,509
2716,#F80542,605,716,612,724,371
2717,#F80542,625,691,631,700,302
2718,#F80542,628,724,634,731,440
2719,#F80542,638,702,644,707,233
2720,#F80542,632,699,637,705,302
2721,#F80542,581,735,588,742,164
2722,#F80542,632,692,640,697,233
2723,#F80542,574,724,580,729,233
2724,#F80542,577,738,581,742,233
2725,#F80542,588,732,594,737,233
2726,#F80542,576,718,581,723,233
2727,#F80542,583,726,586,733,233
2728,#F80542,578,747,582,751,233
2729,#F80542,583,743,587,748,233
2730,#F80542,574,750,579,755,302
2731,#F80542,573,743,577,748,233
2732,#F80542,594,720,598,723,233
2733,#F80542,626,720,629,724,233
2734,#F80542,626,686,629,690,233
2735,#F80542,569,723,572,726,233
2736,#F80542,588,728,591,730,233
2737,#F24835,613,763,613,764,164
2738,#EDE3AF,600,1053,601,1053,171
2739,#F60330,577,775,585,782,440
2740,#F60330,569,788,572,791,233
2741,#FA272F,605,732,606,734,302
2742,#F3E339,481,1074,481,1075,99
2743,#FA272F,205,429,210,436,164
2744,#FA272F,210,429,212,431,302
2745,#F70511,279,621,289,635,440
2746,#E1030D,282,663,287,671,302
2747,#EC0209,254,654,257,657,233
2748,#E1030D,278,652,280,654,233
2749,#F70511,372,601,379,609,164
2750,#FC8903,912,450,917,458,302
2751,#FC8903,873,447,878,451,233
2752,#FC8903,891,442,893,445,233
2753,#FC8903,913,443,915,445,233
2754,#27A503,436,560,453,578,302
2755,#27A503,460,545,474,559,302
2756,#27A503,543,541,557,557,302
2757,#27A503,439,543,453,557,302
2758,#2EA702,463,527,473,537,302
2759,#2EA702,547,524,557,535,302
2760,#2EA702,442,525,452,535,302
2761,#2EA702,490,510,499,519,302
2762,#2EA702,570,509,577,517,302
2763,#27A503,465,508,472,515,302
2764,#2EA702,526,504,534,512,233
2765,#2EA702,445,508,453,515,302
2766,#2EA702,508,509,517,517,233
2767,#27A503,552,509,559,515,302
2768,#27A503,539,504,546,510,233
2769,#2EA702,450,492,455,498,233
2770,#2EA702,575,476,579,480,233
2771,#2EA702,562,563,566,568,164
2772,#2EA702,562,575,564,577,233
2773,#5DC310,465,487,469,491,233
2774,#5DC310,464,472,467,475,233
2775,#CE0210,267,661,270,664,233
2776,#060504,652,438,686,521,785
2777,#59C3C5,647,484,693,528,785
2778,#17B3F0,651,462,669,501,509
2779,#0370D8,605,561,618,576,371
2780,#026ED7,652,525,663,536,371
2781,#0273DA,626,544,636,555,302
2782,#0274DD,606,544,616,554,302
2783,#0274DD,703,527,711,535,302
2784,#026ED7,647,546,656,555,302
2785,#026ED7,681,526,690,534,302
2786,#0274DD,703,507,710,515,302
2787,#026ED7,617,524,623,530,371
2788,#026ED7,635,528,641,534,371
2789,#016FD7,721,509,727,514,302
2790,#FC9103,896,429,903,438,371
2791,#FC9103,864,443,868,449,233
2792,#FC9103,869,429,873,435,233
2793,#FC9103,901,425,906,428,233
2794,#FC9103,875,430,878,434,233
2795,#FC9103,881,431,884,434,233
2796,#FC9103,799,424,802,427,233
2797,#FC9103,786,423,789,426,233
2798,#FC9103,793,423,795,426,233
2799,#FC9103,783,428,786,430,233
2800,#FC9103,778,432,780,434,233
2801,#CE0210,356,627,370,640,578
2802,#03A6EC,663,433,685,464,716
2803,#0288EC,673,424,687,441,578
2804,#018AEE,642,456,653,467,302
2805,#17B3F0,679,451,687,481,371
2806,#4AC7F3,682,471,688,494,371
2807,#026CD5,619,507,626,513,233
2808,#0183EB,652,475,657,478,233
2809,#F81921,1037,758,1043,765,387
2810,#F40D14,1041,741,1047,746,315
2811,#F81921,1042,747,1047,752,243
2812,#F70511,1035,747,1040,752,243
2813,#F81921,1036,754,1041,758,243
2814,#F81921,1048,746,1052,750,243
2815,#F3605F,1028,758,1029,759,243
2816,#F81921,1035,784,1036,785,243
2817,#929292,416,891,429,901,371
2818,#ECEEED,418,898,425,905,233
2819,#FC8903,400,901,402,911,164
2820,#ECEEED,594,816,605,828,233
2821,#575554,596,809,603,822,302
2822,#A39AAA,668,495,674,506,233

